source_name,array,sb_name,sgous_id,gous_id,mous_ids,Line group
AG221.9599-1.9932,SM,AG231.79_a_03_7M,X3833_X64b8,X3833_X64b9,X3833_X64bc,N2H+
AG221.9599-1.9932,SM,AG231.79_b_03_7M,X3833_X6566,X3833_X6567,X3833_X656a,HCO+
AG221.9599-1.9932,TM,AG231.79_a_03_TM1,X3833_X64b8,X3833_X64b9,X3833_X64ba,N2H+
AG221.9599-1.9932,TM,AG231.79_b_03_TM1,X3833_X6566,X3833_X6567,X3833_X6568,HCO+
AG221.9599-1.9932,TP,AG231.79_a_03_TP,X3833_X64b8,X3833_X64b9,X3833_X64be,N2H+
AG221.9599-1.9932,TP,AG231.79_b_03_TP,X3833_X6566,X3833_X6567,X3833_X656c,HCO+
AG231.7986-1.9684,SM,AG231.79_a_03_7M,X3833_X64b8,X3833_X64b9,X3833_X64bc,N2H+
AG231.7986-1.9684,SM,AG231.79_b_03_7M,X3833_X6566,X3833_X6567,X3833_X656a,HCO+
AG231.7986-1.9684,TM,AG231.79_a_03_TM1,X3833_X64b8,X3833_X64b9,X3833_X64ba,N2H+
AG231.7986-1.9684,TM,AG231.79_b_03_TM1,X3833_X6566,X3833_X6567,X3833_X6568,HCO+
AG231.7986-1.9684,TP,AG231.79_a_03_TP,X3833_X64b8,X3833_X64b9,X3833_X64be,N2H+
AG231.7986-1.9684,TP,AG231.79_b_03_TP,X3833_X6566,X3833_X6567,X3833_X656c,HCO+
AG251.2335-1.9543,SM,AG251.23_a_03_7M,X3833_X64b8,X3833_X64c0,X3833_X64c3,N2H+
AG251.2335-1.9543,SM,AG251.23_b_03_7M,X3833_X6566,X3833_X656e,X3833_X6571,HCO+
AG251.2335-1.9543,TM,AG251.23_a_03_TM1,X3833_X64b8,X3833_X64c0,X3833_X64c1,N2H+
AG251.2335-1.9543,TM,AG251.23_b_03_TM1,X3833_X6566,X3833_X656e,X3833_X656f,HCO+
AG251.2335-1.9543,TP,AG251.23_a_03_TP,X3833_X64b8,X3833_X64c0,X3833_X64c5,N2H+
AG251.2335-1.9543,TP,AG251.23_b_03_TP,X3833_X6566,X3833_X656e,X3833_X6573,HCO+
AG274.0659-1.1488,SM,AG274.06_a_03_7M,X3833_X64b8,X3833_X64c7,X3833_X64ca,N2H+
AG274.0659-1.1488,SM,AG274.06_b_03_7M,X3833_X6566,X3833_X6575,X3833_X6578,HCO+
AG274.0659-1.1488,TM,AG274.06_a_03_TM1,X3833_X64b8,X3833_X64c7,X3833_X64c8,N2H+
AG274.0659-1.1488,TM,AG274.06_b_03_TM1,X3833_X6566,X3833_X6575,X3833_X6576,HCO+
AG274.0659-1.1488,TP,AG274.06_a_03_TP,X3833_X64b8,X3833_X64c7,X3833_X64cc,N2H+
AG274.0659-1.1488,TP,AG274.06_b_03_TP,X3833_X6566,X3833_X6575,X3833_X657a,HCO+
AG274.0672-1.1519,SM,AG274.06_a_03_7M,X3833_X64b8,X3833_X64c7,X3833_X64ca,N2H+
AG274.0672-1.1519,SM,AG274.06_b_03_7M,X3833_X6566,X3833_X6575,X3833_X6578,HCO+
AG274.0672-1.1519,TM,AG274.06_a_03_TM1,X3833_X64b8,X3833_X64c7,X3833_X64c8,N2H+
AG274.0672-1.1519,TM,AG274.06_b_03_TM1,X3833_X6566,X3833_X6575,X3833_X6576,HCO+
AG274.0672-1.1519,TP,AG274.06_a_03_TP,X3833_X64b8,X3833_X64c7,X3833_X64cc,N2H+
AG274.0672-1.1519,TP,AG274.06_b_03_TP,X3833_X6566,X3833_X6575,X3833_X657a,HCO+
AG300.1639-0.0889,SM,AG300.16_a_03_7M,X3833_X64ce,X3833_X64cf,X3833_X64d2,N2H+
AG300.1639-0.0889,SM,AG301.28_a_03_7M,X3833_X657c,X3833_X657d,X3833_X6580,HCO+
AG300.1639-0.0889,TM,AG300.16_a_03_TM1,X3833_X64ce,X3833_X64cf,X3833_X64d0,N2H+
AG300.1639-0.0889,TM,AG301.28_a_03_TM1,X3833_X657c,X3833_X657d,X3833_X657e,HCO+
AG300.1639-0.0889,TP,AG300.16_a_03_TP,X3833_X64ce,X3833_X64cf,X3833_X64d6,N2H+
AG300.1639-0.0889,TP,AG300.16_b_03_TP,X3833_X657c,X3833_X657d,X3833_X6586,HCO+
AG300.3407-0.2197,SM,AG300.16_a_03_7M,X3833_X64ce,X3833_X64cf,X3833_X64d2,N2H+
AG300.3407-0.2197,SM,AG301.28_a_03_7M,X3833_X657c,X3833_X657d,X3833_X6580,HCO+
AG300.3407-0.2197,TM,AG300.16_a_03_TM1,X3833_X64ce,X3833_X64cf,X3833_X64d0,N2H+
AG300.3407-0.2197,TM,AG301.28_a_03_TM1,X3833_X657c,X3833_X657d,X3833_X657e,HCO+
AG300.3407-0.2197,TP,AG300.34_a_03_TP,X3833_X64ce,X3833_X64cf,X3833_X64d4,N2H+
AG300.3407-0.2197,TP,AG300.34_b_03_TP,X3833_X657c,X3833_X657d,X3833_X6582,HCO+
AG300.4838-0.1042,SM,AG300.16_a_03_7M,X3833_X64ce,X3833_X64cf,X3833_X64d2,N2H+
AG300.4838-0.1042,SM,AG301.28_a_03_7M,X3833_X657c,X3833_X657d,X3833_X6580,HCO+
AG300.4838-0.1042,TM,AG300.16_a_03_TM1,X3833_X64ce,X3833_X64cf,X3833_X64d0,N2H+
AG300.4838-0.1042,TM,AG301.28_a_03_TM1,X3833_X657c,X3833_X657d,X3833_X657e,HCO+
AG300.4838-0.1042,TP,AG300.16_b_03_TP,X3833_X657c,X3833_X657d,X3833_X6586,HCO+
AG300.4838-0.1042,TP,AG300.34_a_03_TP,X3833_X64ce,X3833_X64cf,X3833_X64d4,N2H+
AG300.7479+0.0976,SM,AG300.16_a_03_7M,X3833_X64ce,X3833_X64cf,X3833_X64d2,N2H+
AG300.7479+0.0976,SM,AG301.28_a_03_7M,X3833_X657c,X3833_X657d,X3833_X6580,HCO+
AG300.7479+0.0976,TM,AG300.16_a_03_TM1,X3833_X64ce,X3833_X64cf,X3833_X64d0,N2H+
AG300.7479+0.0976,TM,AG301.28_a_03_TM1,X3833_X657c,X3833_X657d,X3833_X657e,HCO+
AG300.7479+0.0976,TP,AG300.16_a_03_TP,X3833_X64ce,X3833_X64cf,X3833_X64d6,N2H+
AG300.7479+0.0976,TP,AG300.74_a_03_TP,X3833_X657c,X3833_X657d,X3833_X6584,HCO+
AG301.1365-0.2259,SM,AG300.16_a_03_7M,X3833_X64ce,X3833_X64cf,X3833_X64d2,N2H+
AG301.1365-0.2259,SM,AG301.28_a_03_7M,X3833_X657c,X3833_X657d,X3833_X6580,HCO+
AG301.1365-0.2259,TM,AG300.16_a_03_TM1,X3833_X64ce,X3833_X64cf,X3833_X64d0,N2H+
AG301.1365-0.2259,TM,AG301.28_a_03_TM1,X3833_X657c,X3833_X657d,X3833_X657e,HCO+
AG301.1365-0.2259,TP,AG300.34_b_03_TP,X3833_X657c,X3833_X657d,X3833_X6582,HCO+
AG301.1365-0.2259,TP,AG301.13_a_03_TP,X3833_X64ce,X3833_X64cf,X3833_X64d8,N2H+
AG301.2802-0.2244,SM,AG300.16_a_03_7M,X3833_X64ce,X3833_X64cf,X3833_X64d2,N2H+
AG301.2802-0.2244,SM,AG301.28_a_03_7M,X3833_X657c,X3833_X657d,X3833_X6580,HCO+
AG301.2802-0.2244,TM,AG300.16_a_03_TM1,X3833_X64ce,X3833_X64cf,X3833_X64d0,N2H+
AG301.2802-0.2244,TM,AG301.28_a_03_TM1,X3833_X657c,X3833_X657d,X3833_X657e,HCO+
AG301.2802-0.2244,TP,AG300.34_b_03_TP,X3833_X657c,X3833_X657d,X3833_X6582,HCO+
AG301.2802-0.2244,TP,AG301.13_a_03_TP,X3833_X64ce,X3833_X64cf,X3833_X64d8,N2H+
AG301.6337-0.2355,SM,AG300.16_a_03_7M,X3833_X64ce,X3833_X64cf,X3833_X64d2,N2H+
AG301.6337-0.2355,SM,AG301.28_a_03_7M,X3833_X657c,X3833_X657d,X3833_X6580,HCO+
AG301.6337-0.2355,TM,AG300.16_a_03_TM1,X3833_X64ce,X3833_X64cf,X3833_X64d0,N2H+
AG301.6337-0.2355,TM,AG301.28_a_03_TM1,X3833_X657c,X3833_X657d,X3833_X657e,HCO+
AG301.6337-0.2355,TP,AG300.34_a_03_TP,X3833_X64ce,X3833_X64cf,X3833_X64d4,N2H+
AG301.6337-0.2355,TP,AG300.74_a_03_TP,X3833_X657c,X3833_X657d,X3833_X6584,HCO+
AG301.6593-0.2494,SM,AG300.16_a_03_7M,X3833_X64ce,X3833_X64cf,X3833_X64d2,N2H+
AG301.6593-0.2494,SM,AG301.28_a_03_7M,X3833_X657c,X3833_X657d,X3833_X6580,HCO+
AG301.6593-0.2494,TM,AG300.16_a_03_TM1,X3833_X64ce,X3833_X64cf,X3833_X64d0,N2H+
AG301.6593-0.2494,TM,AG301.28_a_03_TM1,X3833_X657c,X3833_X657d,X3833_X657e,HCO+
AG301.6593-0.2494,TP,AG300.74_a_03_TP,X3833_X657c,X3833_X657d,X3833_X6584,HCO+
AG301.6593-0.2494,TP,AG301.13_a_03_TP,X3833_X64ce,X3833_X64cf,X3833_X64d8,N2H+
AG301.6806+0.2458,SM,AG300.16_a_03_7M,X3833_X64ce,X3833_X64cf,X3833_X64d2,N2H+
AG301.6806+0.2458,SM,AG301.28_a_03_7M,X3833_X657c,X3833_X657d,X3833_X6580,HCO+
AG301.6806+0.2458,TM,AG300.16_a_03_TM1,X3833_X64ce,X3833_X64cf,X3833_X64d0,N2H+
AG301.6806+0.2458,TM,AG301.28_a_03_TM1,X3833_X657c,X3833_X657d,X3833_X657e,HCO+
AG301.6806+0.2458,TP,AG300.16_b_03_TP,X3833_X657c,X3833_X657d,X3833_X6586,HCO+
AG301.6806+0.2458,TP,AG301.13_a_03_TP,X3833_X64ce,X3833_X64cf,X3833_X64d8,N2H+
AG301.7515+0.2698,SM,AG300.16_a_03_7M,X3833_X64ce,X3833_X64cf,X3833_X64d2,N2H+
AG301.7515+0.2698,SM,AG301.28_a_03_7M,X3833_X657c,X3833_X657d,X3833_X6580,HCO+
AG301.7515+0.2698,TM,AG300.16_a_03_TM1,X3833_X64ce,X3833_X64cf,X3833_X64d0,N2H+
AG301.7515+0.2698,TM,AG301.28_a_03_TM1,X3833_X657c,X3833_X657d,X3833_X657e,HCO+
AG301.7515+0.2698,TP,AG300.16_a_03_TP,X3833_X64ce,X3833_X64cf,X3833_X64d6,N2H+
AG301.7515+0.2698,TP,AG300.74_a_03_TP,X3833_X657c,X3833_X657d,X3833_X6584,HCO+
AG302.0212+0.2528,SM,AG300.16_a_03_7M,X3833_X64ce,X3833_X64cf,X3833_X64d2,N2H+
AG302.0212+0.2528,SM,AG301.28_a_03_7M,X3833_X657c,X3833_X657d,X3833_X6580,HCO+
AG302.0212+0.2528,TM,AG300.16_a_03_TM1,X3833_X64ce,X3833_X64cf,X3833_X64d0,N2H+
AG302.0212+0.2528,TM,AG301.28_a_03_TM1,X3833_X657c,X3833_X657d,X3833_X657e,HCO+
AG302.0212+0.2528,TP,AG300.34_a_03_TP,X3833_X64ce,X3833_X64cf,X3833_X64d4,N2H+
AG302.0212+0.2528,TP,AG300.34_b_03_TP,X3833_X657c,X3833_X657d,X3833_X6582,HCO+
AG302.3401+0.2770,SM,AG300.16_a_03_7M,X3833_X64ce,X3833_X64cf,X3833_X64d2,N2H+
AG302.3401+0.2770,SM,AG301.28_a_03_7M,X3833_X657c,X3833_X657d,X3833_X6580,HCO+
AG302.3401+0.2770,TM,AG300.16_a_03_TM1,X3833_X64ce,X3833_X64cf,X3833_X64d0,N2H+
AG302.3401+0.2770,TM,AG301.28_a_03_TM1,X3833_X657c,X3833_X657d,X3833_X657e,HCO+
AG302.3401+0.2770,TP,AG300.34_a_03_TP,X3833_X64ce,X3833_X64cf,X3833_X64d4,N2H+
AG302.3401+0.2770,TP,AG300.74_a_03_TP,X3833_X657c,X3833_X657d,X3833_X6584,HCO+
AG302.3912+0.2800,SM,AG300.16_a_03_7M,X3833_X64ce,X3833_X64cf,X3833_X64d2,N2H+
AG302.3912+0.2800,SM,AG301.28_a_03_7M,X3833_X657c,X3833_X657d,X3833_X6580,HCO+
AG302.3912+0.2800,TM,AG300.16_a_03_TM1,X3833_X64ce,X3833_X64cf,X3833_X64d0,N2H+
AG302.3912+0.2800,TM,AG301.28_a_03_TM1,X3833_X657c,X3833_X657d,X3833_X657e,HCO+
AG302.3912+0.2800,TP,AG300.16_b_03_TP,X3833_X657c,X3833_X657d,X3833_X6586,HCO+
AG302.3912+0.2800,TP,AG300.34_a_03_TP,X3833_X64ce,X3833_X64cf,X3833_X64d4,N2H+
AG304.0906+0.4184,SM,AG300.16_a_03_7M,X3833_X64ce,X3833_X64cf,X3833_X64d2,N2H+
AG304.0906+0.4184,SM,AG301.28_a_03_7M,X3833_X657c,X3833_X657d,X3833_X6580,HCO+
AG304.0906+0.4184,TM,AG300.16_a_03_TM1,X3833_X64ce,X3833_X64cf,X3833_X64d0,N2H+
AG304.0906+0.4184,TM,AG301.28_a_03_TM1,X3833_X657c,X3833_X657d,X3833_X657e,HCO+
AG304.0906+0.4184,TP,AG300.34_b_03_TP,X3833_X657c,X3833_X657d,X3833_X6582,HCO+
AG304.0906+0.4184,TP,AG301.13_a_03_TP,X3833_X64ce,X3833_X64cf,X3833_X64d8,N2H+
AG304.5567+0.3273,SM,AG300.16_a_03_7M,X3833_X64ce,X3833_X64cf,X3833_X64d2,N2H+
AG304.5567+0.3273,SM,AG301.28_a_03_7M,X3833_X657c,X3833_X657d,X3833_X6580,HCO+
AG304.5567+0.3273,TM,AG300.16_a_03_TM1,X3833_X64ce,X3833_X64cf,X3833_X64d0,N2H+
AG304.5567+0.3273,TM,AG301.28_a_03_TM1,X3833_X657c,X3833_X657d,X3833_X657e,HCO+
AG304.5567+0.3273,TP,AG300.16_b_03_TP,X3833_X657c,X3833_X657d,X3833_X6586,HCO+
AG304.5567+0.3273,TP,AG301.13_a_03_TP,X3833_X64ce,X3833_X64cf,X3833_X64d8,N2H+
AG304.5988+0.3503,SM,AG300.16_a_03_7M,X3833_X64ce,X3833_X64cf,X3833_X64d2,N2H+
AG304.5988+0.3503,SM,AG301.28_a_03_7M,X3833_X657c,X3833_X657d,X3833_X6580,HCO+
AG304.5988+0.3503,TM,AG300.16_a_03_TM1,X3833_X64ce,X3833_X64cf,X3833_X64d0,N2H+
AG304.5988+0.3503,TM,AG301.28_a_03_TM1,X3833_X657c,X3833_X657d,X3833_X657e,HCO+
AG304.5988+0.3503,TP,AG300.74_a_03_TP,X3833_X657c,X3833_X657d,X3833_X6584,HCO+
AG304.5988+0.3503,TP,AG301.13_a_03_TP,X3833_X64ce,X3833_X64cf,X3833_X64d8,N2H+
AG304.7241+0.2672,SM,AG300.16_a_03_7M,X3833_X64ce,X3833_X64cf,X3833_X64d2,N2H+
AG304.7241+0.2672,SM,AG301.28_a_03_7M,X3833_X657c,X3833_X657d,X3833_X6580,HCO+
AG304.7241+0.2672,TM,AG300.16_a_03_TM1,X3833_X64ce,X3833_X64cf,X3833_X64d0,N2H+
AG304.7241+0.2672,TM,AG301.28_a_03_TM1,X3833_X657c,X3833_X657d,X3833_X657e,HCO+
AG304.7241+0.2672,TP,AG300.16_b_03_TP,X3833_X657c,X3833_X657d,X3833_X6586,HCO+
AG304.7241+0.2672,TP,AG300.34_a_03_TP,X3833_X64ce,X3833_X64cf,X3833_X64d4,N2H+
AG304.8118+0.2031,SM,AG300.16_a_03_7M,X3833_X64ce,X3833_X64cf,X3833_X64d2,N2H+
AG304.8118+0.2031,SM,AG301.28_a_03_7M,X3833_X657c,X3833_X657d,X3833_X6580,HCO+
AG304.8118+0.2031,TM,AG300.16_a_03_TM1,X3833_X64ce,X3833_X64cf,X3833_X64d0,N2H+
AG304.8118+0.2031,TM,AG301.28_a_03_TM1,X3833_X657c,X3833_X657d,X3833_X657e,HCO+
AG304.8118+0.2031,TP,AG300.16_a_03_TP,X3833_X64ce,X3833_X64cf,X3833_X64d6,N2H+
AG304.8118+0.2031,TP,AG300.74_a_03_TP,X3833_X657c,X3833_X657d,X3833_X6584,HCO+
AG304.8315+0.3358,SM,AG300.16_a_03_7M,X3833_X64ce,X3833_X64cf,X3833_X64d2,N2H+
AG304.8315+0.3358,SM,AG301.28_a_03_7M,X3833_X657c,X3833_X657d,X3833_X6580,HCO+
AG304.8315+0.3358,TM,AG300.16_a_03_TM1,X3833_X64ce,X3833_X64cf,X3833_X64d0,N2H+
AG304.8315+0.3358,TM,AG301.28_a_03_TM1,X3833_X657c,X3833_X657d,X3833_X657e,HCO+
AG304.8315+0.3358,TP,AG300.16_a_03_TP,X3833_X64ce,X3833_X64cf,X3833_X64d6,N2H+
AG304.8315+0.3358,TP,AG300.16_b_03_TP,X3833_X657c,X3833_X657d,X3833_X6586,HCO+
AG305.0971+0.0871,SM,AG300.16_a_03_7M,X3833_X64ce,X3833_X64cf,X3833_X64d2,N2H+
AG305.0971+0.0871,SM,AG301.28_a_03_7M,X3833_X657c,X3833_X657d,X3833_X6580,HCO+
AG305.0971+0.0871,TM,AG300.16_a_03_TM1,X3833_X64ce,X3833_X64cf,X3833_X64d0,N2H+
AG305.0971+0.0871,TM,AG301.28_a_03_TM1,X3833_X657c,X3833_X657d,X3833_X657e,HCO+
AG305.0971+0.0871,TP,AG300.16_a_03_TP,X3833_X64ce,X3833_X64cf,X3833_X64d6,N2H+
AG305.0971+0.0871,TP,AG300.34_b_03_TP,X3833_X657c,X3833_X657d,X3833_X6582,HCO+
AG305.1375+0.0680,SM,AG300.16_a_03_7M,X3833_X64ce,X3833_X64cf,X3833_X64d2,N2H+
AG305.1375+0.0680,SM,AG301.28_a_03_7M,X3833_X657c,X3833_X657d,X3833_X6580,HCO+
AG305.1375+0.0680,TM,AG300.16_a_03_TM1,X3833_X64ce,X3833_X64cf,X3833_X64d0,N2H+
AG305.1375+0.0680,TM,AG301.28_a_03_TM1,X3833_X657c,X3833_X657d,X3833_X657e,HCO+
AG305.1375+0.0680,TP,AG300.16_a_03_TP,X3833_X64ce,X3833_X64cf,X3833_X64d6,N2H+
AG305.1375+0.0680,TP,AG300.34_b_03_TP,X3833_X657c,X3833_X657d,X3833_X6582,HCO+
AG305.1934-0.0057,SM,AG308.87_a_03_7M,X3833_X6588,X3833_X6589,X3833_X658c,HCO+
AG305.1934-0.0057,SM,AG310.37_a_03_7M,X3833_X64da,X3833_X64db,X3833_X64de,N2H+
AG305.1934-0.0057,TM,AG308.87_a_03_TM1,X3833_X6588,X3833_X6589,X3833_X658a,HCO+
AG305.1934-0.0057,TM,AG310.37_a_03_TM1,X3833_X64da,X3833_X64db,X3833_X64dc,N2H+
AG305.1934-0.0057,TP,AG305.19_a_03_TP,X3833_X64da,X3833_X64db,X3833_X64e0,N2H+
AG305.1934-0.0057,TP,AG305.19_d_03_TP,X3833_X6588,X3833_X6589,X3833_X6592,HCO+
AG305.1957+0.0330,SM,AG308.87_a_03_7M,X3833_X6588,X3833_X6589,X3833_X658c,HCO+
AG305.1957+0.0330,SM,AG310.37_a_03_7M,X3833_X64da,X3833_X64db,X3833_X64de,N2H+
AG305.1957+0.0330,TM,AG308.87_a_03_TM1,X3833_X6588,X3833_X6589,X3833_X658a,HCO+
AG305.1957+0.0330,TM,AG310.37_a_03_TM1,X3833_X64da,X3833_X64db,X3833_X64dc,N2H+
AG305.1957+0.0330,TP,AG305.19_a_03_TP,X3833_X64da,X3833_X64db,X3833_X64e0,N2H+
AG305.1957+0.0330,TP,AG305.19_c_03_TP,X3833_X6588,X3833_X6589,X3833_X6590,HCO+
AG305.1986+0.0071,SM,AG308.87_a_03_7M,X3833_X6588,X3833_X6589,X3833_X658c,HCO+
AG305.1986+0.0071,SM,AG310.37_a_03_7M,X3833_X64da,X3833_X64db,X3833_X64de,N2H+
AG305.1986+0.0071,TM,AG308.87_a_03_TM1,X3833_X6588,X3833_X6589,X3833_X658a,HCO+
AG305.1986+0.0071,TM,AG310.37_a_03_TM1,X3833_X64da,X3833_X64db,X3833_X64dc,N2H+
AG305.1986+0.0071,TP,AG305.19_a_03_TP,X3833_X64da,X3833_X64db,X3833_X64e0,N2H+
AG305.1986+0.0071,TP,AG305.19_b_03_TP,X3833_X6588,X3833_X6589,X3833_X658e,HCO+
AG305.2541+0.0806,SM,AG308.87_a_03_7M,X3833_X6588,X3833_X6589,X3833_X658c,HCO+
AG305.2541+0.0806,SM,AG310.37_a_03_7M,X3833_X64da,X3833_X64db,X3833_X64de,N2H+
AG305.2541+0.0806,TM,AG308.87_a_03_TM1,X3833_X6588,X3833_X6589,X3833_X658a,HCO+
AG305.2541+0.0806,TM,AG310.37_a_03_TM1,X3833_X64da,X3833_X64db,X3833_X64dc,N2H+
AG305.2541+0.0806,TP,AG305.19_c_03_TP,X3833_X6588,X3833_X6589,X3833_X6590,HCO+
AG305.2541+0.0806,TP,AG305.25_a_03_TP,X3833_X64da,X3833_X64db,X3833_X64e4,N2H+
AG305.2715-0.0092,SM,AG308.87_a_03_7M,X3833_X6588,X3833_X6589,X3833_X658c,HCO+
AG305.2715-0.0092,SM,AG310.37_a_03_7M,X3833_X64da,X3833_X64db,X3833_X64de,N2H+
AG305.2715-0.0092,TM,AG308.87_a_03_TM1,X3833_X6588,X3833_X6589,X3833_X658a,HCO+
AG305.2715-0.0092,TM,AG310.37_a_03_TM1,X3833_X64da,X3833_X64db,X3833_X64dc,N2H+
AG305.2715-0.0092,TP,AG305.19_d_03_TP,X3833_X6588,X3833_X6589,X3833_X6592,HCO+
AG305.2715-0.0092,TP,AG305.27_a_03_TP,X3833_X64da,X3833_X64db,X3833_X64e2,N2H+
AG305.3837-0.2339,SM,AG308.87_a_03_7M,X3833_X6588,X3833_X6589,X3833_X658c,HCO+
AG305.3837-0.2339,SM,AG310.37_a_03_7M,X3833_X64da,X3833_X64db,X3833_X64de,N2H+
AG305.3837-0.2339,TM,AG308.87_a_03_TM1,X3833_X6588,X3833_X6589,X3833_X658a,HCO+
AG305.3837-0.2339,TM,AG310.37_a_03_TM1,X3833_X64da,X3833_X64db,X3833_X64dc,N2H+
AG305.3837-0.2339,TP,AG305.19_b_03_TP,X3833_X6588,X3833_X6589,X3833_X658e,HCO+
AG305.3837-0.2339,TP,AG305.25_a_03_TP,X3833_X64da,X3833_X64db,X3833_X64e4,N2H+
AG306.6463+0.3721,SM,AG308.87_a_03_7M,X3833_X6588,X3833_X6589,X3833_X658c,HCO+
AG306.6463+0.3721,SM,AG310.37_a_03_7M,X3833_X64da,X3833_X64db,X3833_X64de,N2H+
AG306.6463+0.3721,TM,AG308.87_a_03_TM1,X3833_X6588,X3833_X6589,X3833_X658a,HCO+
AG306.6463+0.3721,TM,AG310.37_a_03_TM1,X3833_X64da,X3833_X64db,X3833_X64dc,N2H+
AG306.6463+0.3721,TP,AG305.19_b_03_TP,X3833_X6588,X3833_X6589,X3833_X658e,HCO+
AG306.6463+0.3721,TP,AG305.27_a_03_TP,X3833_X64da,X3833_X64db,X3833_X64e2,N2H+
AG307.7567+0.3536,SM,AG308.87_a_03_7M,X3833_X6588,X3833_X6589,X3833_X658c,HCO+
AG307.7567+0.3536,SM,AG310.37_a_03_7M,X3833_X64da,X3833_X64db,X3833_X64de,N2H+
AG307.7567+0.3536,TM,AG308.87_a_03_TM1,X3833_X6588,X3833_X6589,X3833_X658a,HCO+
AG307.7567+0.3536,TM,AG310.37_a_03_TM1,X3833_X64da,X3833_X64db,X3833_X64dc,N2H+
AG307.7567+0.3536,TP,AG305.19_b_03_TP,X3833_X6588,X3833_X6589,X3833_X658e,HCO+
AG307.7567+0.3536,TP,AG305.27_a_03_TP,X3833_X64da,X3833_X64db,X3833_X64e2,N2H+
AG308.3320-0.0591,SM,AG308.87_a_03_7M,X3833_X6588,X3833_X6589,X3833_X658c,HCO+
AG308.3320-0.0591,SM,AG310.37_a_03_7M,X3833_X64da,X3833_X64db,X3833_X64de,N2H+
AG308.3320-0.0591,TM,AG308.87_a_03_TM1,X3833_X6588,X3833_X6589,X3833_X658a,HCO+
AG308.3320-0.0591,TM,AG310.37_a_03_TM1,X3833_X64da,X3833_X64db,X3833_X64dc,N2H+
AG308.3320-0.0591,TP,AG305.19_a_03_TP,X3833_X64da,X3833_X64db,X3833_X64e0,N2H+
AG308.3320-0.0591,TP,AG305.19_d_03_TP,X3833_X6588,X3833_X6589,X3833_X6592,HCO+
AG308.3868+0.3501,SM,AG308.87_a_03_7M,X3833_X6588,X3833_X6589,X3833_X658c,HCO+
AG308.3868+0.3501,SM,AG310.37_a_03_7M,X3833_X64da,X3833_X64db,X3833_X64de,N2H+
AG308.3868+0.3501,TM,AG308.87_a_03_TM1,X3833_X6588,X3833_X6589,X3833_X658a,HCO+
AG308.3868+0.3501,TM,AG310.37_a_03_TM1,X3833_X64da,X3833_X64db,X3833_X64dc,N2H+
AG308.3868+0.3501,TP,AG305.19_a_03_TP,X3833_X64da,X3833_X64db,X3833_X64e0,N2H+
AG308.3868+0.3501,TP,AG305.19_c_03_TP,X3833_X6588,X3833_X6589,X3833_X6590,HCO+
AG308.8759+0.1730,SM,AG308.87_a_03_7M,X3833_X6588,X3833_X6589,X3833_X658c,HCO+
AG308.8759+0.1730,SM,AG310.37_a_03_7M,X3833_X64da,X3833_X64db,X3833_X64de,N2H+
AG308.8759+0.1730,TM,AG308.87_a_03_TM1,X3833_X6588,X3833_X6589,X3833_X658a,HCO+
AG308.8759+0.1730,TM,AG310.37_a_03_TM1,X3833_X64da,X3833_X64db,X3833_X64dc,N2H+
AG308.8759+0.1730,TP,AG305.19_c_03_TP,X3833_X6588,X3833_X6589,X3833_X6590,HCO+
AG308.8759+0.1730,TP,AG305.25_a_03_TP,X3833_X64da,X3833_X64db,X3833_X64e4,N2H+
AG308.9181+0.1233,SM,AG308.87_a_03_7M,X3833_X6588,X3833_X6589,X3833_X658c,HCO+
AG308.9181+0.1233,SM,AG310.37_a_03_7M,X3833_X64da,X3833_X64db,X3833_X64de,N2H+
AG308.9181+0.1233,TM,AG308.87_a_03_TM1,X3833_X6588,X3833_X6589,X3833_X658a,HCO+
AG308.9181+0.1233,TM,AG310.37_a_03_TM1,X3833_X64da,X3833_X64db,X3833_X64dc,N2H+
AG308.9181+0.1233,TP,AG305.19_d_03_TP,X3833_X6588,X3833_X6589,X3833_X6592,HCO+
AG308.9181+0.1233,TP,AG305.25_a_03_TP,X3833_X64da,X3833_X64db,X3833_X64e4,N2H+
AG309.1727-0.3273,SM,AG308.87_a_03_7M,X3833_X6588,X3833_X6589,X3833_X658c,HCO+
AG309.1727-0.3273,SM,AG310.37_a_03_7M,X3833_X64da,X3833_X64db,X3833_X64de,N2H+
AG309.1727-0.3273,TM,AG308.87_a_03_TM1,X3833_X6588,X3833_X6589,X3833_X658a,HCO+
AG309.1727-0.3273,TM,AG310.37_a_03_TM1,X3833_X64da,X3833_X64db,X3833_X64dc,N2H+
AG309.1727-0.3273,TP,AG305.19_c_03_TP,X3833_X6588,X3833_X6589,X3833_X6590,HCO+
AG309.1727-0.3273,TP,AG305.25_a_03_TP,X3833_X64da,X3833_X64db,X3833_X64e4,N2H+
AG309.2207-0.4622,SM,AG308.87_a_03_7M,X3833_X6588,X3833_X6589,X3833_X658c,HCO+
AG309.2207-0.4622,SM,AG310.37_a_03_7M,X3833_X64da,X3833_X64db,X3833_X64de,N2H+
AG309.2207-0.4622,TM,AG308.87_a_03_TM1,X3833_X6588,X3833_X6589,X3833_X658a,HCO+
AG309.2207-0.4622,TM,AG310.37_a_03_TM1,X3833_X64da,X3833_X64db,X3833_X64dc,N2H+
AG309.2207-0.4622,TP,AG305.19_c_03_TP,X3833_X6588,X3833_X6589,X3833_X6590,HCO+
AG309.2207-0.4622,TP,AG305.25_a_03_TP,X3833_X64da,X3833_X64db,X3833_X64e4,N2H+
AG309.2366-0.4569,SM,AG308.87_a_03_7M,X3833_X6588,X3833_X6589,X3833_X658c,HCO+
AG309.2366-0.4569,SM,AG310.37_a_03_7M,X3833_X64da,X3833_X64db,X3833_X64de,N2H+
AG309.2366-0.4569,TM,AG308.87_a_03_TM1,X3833_X6588,X3833_X6589,X3833_X658a,HCO+
AG309.2366-0.4569,TM,AG310.37_a_03_TM1,X3833_X64da,X3833_X64db,X3833_X64dc,N2H+
AG309.2366-0.4569,TP,AG305.19_d_03_TP,X3833_X6588,X3833_X6589,X3833_X6592,HCO+
AG309.2366-0.4569,TP,AG305.27_a_03_TP,X3833_X64da,X3833_X64db,X3833_X64e2,N2H+
AG309.5543-0.0916,SM,AG308.87_a_03_7M,X3833_X6588,X3833_X6589,X3833_X658c,HCO+
AG309.5543-0.0916,SM,AG310.37_a_03_7M,X3833_X64da,X3833_X64db,X3833_X64de,N2H+
AG309.5543-0.0916,TM,AG308.87_a_03_TM1,X3833_X6588,X3833_X6589,X3833_X658a,HCO+
AG309.5543-0.0916,TM,AG310.37_a_03_TM1,X3833_X64da,X3833_X64db,X3833_X64dc,N2H+
AG309.5543-0.0916,TP,AG305.19_a_03_TP,X3833_X64da,X3833_X64db,X3833_X64e0,N2H+
AG309.5543-0.0916,TP,AG305.19_d_03_TP,X3833_X6588,X3833_X6589,X3833_X6592,HCO+
AG309.9820-0.2264,SM,AG308.87_a_03_7M,X3833_X6588,X3833_X6589,X3833_X658c,HCO+
AG309.9820-0.2264,SM,AG310.37_a_03_7M,X3833_X64da,X3833_X64db,X3833_X64de,N2H+
AG309.9820-0.2264,TM,AG308.87_a_03_TM1,X3833_X6588,X3833_X6589,X3833_X658a,HCO+
AG309.9820-0.2264,TM,AG310.37_a_03_TM1,X3833_X64da,X3833_X64db,X3833_X64dc,N2H+
AG309.9820-0.2264,TP,AG305.19_d_03_TP,X3833_X6588,X3833_X6589,X3833_X6592,HCO+
AG309.9820-0.2264,TP,AG305.25_a_03_TP,X3833_X64da,X3833_X64db,X3833_X64e4,N2H+
AG309.9935-0.2286,SM,AG308.87_a_03_7M,X3833_X6588,X3833_X6589,X3833_X658c,HCO+
AG309.9935-0.2286,SM,AG310.37_a_03_7M,X3833_X64da,X3833_X64db,X3833_X64de,N2H+
AG309.9935-0.2286,TM,AG308.87_a_03_TM1,X3833_X6588,X3833_X6589,X3833_X658a,HCO+
AG309.9935-0.2286,TM,AG310.37_a_03_TM1,X3833_X64da,X3833_X64db,X3833_X64dc,N2H+
AG309.9935-0.2286,TP,AG305.19_b_03_TP,X3833_X6588,X3833_X6589,X3833_X658e,HCO+
AG309.9935-0.2286,TP,AG305.27_a_03_TP,X3833_X64da,X3833_X64db,X3833_X64e2,N2H+
AG310.0135+0.3893,SM,AG308.87_a_03_7M,X3833_X6588,X3833_X6589,X3833_X658c,HCO+
AG310.0135+0.3893,SM,AG310.37_a_03_7M,X3833_X64da,X3833_X64db,X3833_X64de,N2H+
AG310.0135+0.3893,TM,AG308.87_a_03_TM1,X3833_X6588,X3833_X6589,X3833_X658a,HCO+
AG310.0135+0.3893,TM,AG310.37_a_03_TM1,X3833_X64da,X3833_X64db,X3833_X64dc,N2H+
AG310.0135+0.3893,TP,AG305.19_c_03_TP,X3833_X6588,X3833_X6589,X3833_X6590,HCO+
AG310.0135+0.3893,TP,AG305.27_a_03_TP,X3833_X64da,X3833_X64db,X3833_X64e2,N2H+
AG310.3753-0.3033,SM,AG308.87_a_03_7M,X3833_X6588,X3833_X6589,X3833_X658c,HCO+
AG310.3753-0.3033,SM,AG310.37_a_03_7M,X3833_X64da,X3833_X64db,X3833_X64de,N2H+
AG310.3753-0.3033,TM,AG308.87_a_03_TM1,X3833_X6588,X3833_X6589,X3833_X658a,HCO+
AG310.3753-0.3033,TM,AG310.37_a_03_TM1,X3833_X64da,X3833_X64db,X3833_X64dc,N2H+
AG310.3753-0.3033,TP,AG305.19_a_03_TP,X3833_X64da,X3833_X64db,X3833_X64e0,N2H+
AG310.3753-0.3033,TP,AG305.19_b_03_TP,X3833_X6588,X3833_X6589,X3833_X658e,HCO+
AG310.6481-0.2341,SM,AG308.87_a_03_7M,X3833_X6588,X3833_X6589,X3833_X658c,HCO+
AG310.6481-0.2341,SM,AG310.37_a_03_7M,X3833_X64da,X3833_X64db,X3833_X64de,N2H+
AG310.6481-0.2341,TM,AG308.87_a_03_TM1,X3833_X6588,X3833_X6589,X3833_X658a,HCO+
AG310.6481-0.2341,TM,AG310.37_a_03_TM1,X3833_X64da,X3833_X64db,X3833_X64dc,N2H+
AG310.6481-0.2341,TP,AG305.19_b_03_TP,X3833_X6588,X3833_X6589,X3833_X658e,HCO+
AG310.6481-0.2341,TP,AG305.27_a_03_TP,X3833_X64da,X3833_X64db,X3833_X64e2,N2H+
AG310.8797+0.0063,SM,AG311.18_a_03_7M,X3833_X64e6,X3833_X64e7,X3833_X64ea,N2H+
AG310.8797+0.0063,SM,AG311.51_a_03_7M,X3833_X6594,X3833_X6595,X3833_X6598,HCO+
AG310.8797+0.0063,TM,AG311.18_a_03_TM1,X3833_X64e6,X3833_X64e7,X3833_X64e8,N2H+
AG310.8797+0.0063,TM,AG311.51_a_03_TM1,X3833_X6594,X3833_X6595,X3833_X6596,HCO+
AG310.8797+0.0063,TP,AG310.87_a_03_TP,X3833_X64e6,X3833_X64e7,X3833_X64ee,N2H+
AG310.8797+0.0063,TP,AG310.87_b_03_TP,X3833_X6594,X3833_X6595,X3833_X659e,HCO+
AG311.0537+0.3930,SM,AG311.18_a_03_7M,X3833_X64e6,X3833_X64e7,X3833_X64ea,N2H+
AG311.0537+0.3930,SM,AG311.51_a_03_7M,X3833_X6594,X3833_X6595,X3833_X6598,HCO+
AG311.0537+0.3930,TM,AG311.18_a_03_TM1,X3833_X64e6,X3833_X64e7,X3833_X64e8,N2H+
AG311.0537+0.3930,TM,AG311.51_a_03_TM1,X3833_X6594,X3833_X6595,X3833_X6596,HCO+
AG311.0537+0.3930,TP,AG310.87_b_03_TP,X3833_X6594,X3833_X6595,X3833_X659e,HCO+
AG311.0537+0.3930,TP,AG311.05_a_03_TP,X3833_X64e6,X3833_X64e7,X3833_X64f0,N2H+
AG311.1811+0.1563,SM,AG311.18_a_03_7M,X3833_X64e6,X3833_X64e7,X3833_X64ea,N2H+
AG311.1811+0.1563,SM,AG311.51_a_03_7M,X3833_X6594,X3833_X6595,X3833_X6598,HCO+
AG311.1811+0.1563,TM,AG311.18_a_03_TM1,X3833_X64e6,X3833_X64e7,X3833_X64e8,N2H+
AG311.1811+0.1563,TM,AG311.51_a_03_TM1,X3833_X6594,X3833_X6595,X3833_X6596,HCO+
AG311.1811+0.1563,TP,AG310.87_a_03_TP,X3833_X64e6,X3833_X64e7,X3833_X64ee,N2H+
AG311.1811+0.1563,TP,AG311.18_a_03_TP,X3833_X6594,X3833_X6595,X3833_X659a,HCO+
AG311.2340+0.3677,SM,AG311.18_a_03_7M,X3833_X64e6,X3833_X64e7,X3833_X64ea,N2H+
AG311.2340+0.3677,SM,AG311.51_a_03_7M,X3833_X6594,X3833_X6595,X3833_X6598,HCO+
AG311.2340+0.3677,TM,AG311.18_a_03_TM1,X3833_X64e6,X3833_X64e7,X3833_X64e8,N2H+
AG311.2340+0.3677,TM,AG311.51_a_03_TM1,X3833_X6594,X3833_X6595,X3833_X6596,HCO+
AG311.2340+0.3677,TP,AG311.18_a_03_TP,X3833_X6594,X3833_X6595,X3833_X659a,HCO+
AG311.2340+0.3677,TP,AG311.23_a_03_TP,X3833_X64e6,X3833_X64e7,X3833_X64ec,N2H+
AG311.5130-0.4532,SM,AG311.18_a_03_7M,X3833_X64e6,X3833_X64e7,X3833_X64ea,N2H+
AG311.5130-0.4532,SM,AG311.51_a_03_7M,X3833_X6594,X3833_X6595,X3833_X6598,HCO+
AG311.5130-0.4532,TM,AG311.18_a_03_TM1,X3833_X64e6,X3833_X64e7,X3833_X64e8,N2H+
AG311.5130-0.4532,TM,AG311.51_a_03_TM1,X3833_X6594,X3833_X6595,X3833_X6596,HCO+
AG311.5130-0.4532,TP,AG311.18_a_03_TP,X3833_X6594,X3833_X6595,X3833_X659a,HCO+
AG311.5130-0.4532,TP,AG311.23_a_03_TP,X3833_X64e6,X3833_X64e7,X3833_X64ec,N2H+
AG311.6290+0.2659,SM,AG311.18_a_03_7M,X3833_X64e6,X3833_X64e7,X3833_X64ea,N2H+
AG311.6290+0.2659,SM,AG311.51_a_03_7M,X3833_X6594,X3833_X6595,X3833_X6598,HCO+
AG311.6290+0.2659,TM,AG311.18_a_03_TM1,X3833_X64e6,X3833_X64e7,X3833_X64e8,N2H+
AG311.6290+0.2659,TM,AG311.51_a_03_TM1,X3833_X6594,X3833_X6595,X3833_X6596,HCO+
AG311.6290+0.2659,TP,AG311.18_a_03_TP,X3833_X6594,X3833_X6595,X3833_X659a,HCO+
AG311.6290+0.2659,TP,AG311.23_a_03_TP,X3833_X64e6,X3833_X64e7,X3833_X64ec,N2H+
AG311.6969-0.1451,SM,AG311.18_a_03_7M,X3833_X64e6,X3833_X64e7,X3833_X64ea,N2H+
AG311.6969-0.1451,SM,AG311.51_a_03_7M,X3833_X6594,X3833_X6595,X3833_X6598,HCO+
AG311.6969-0.1451,TM,AG311.18_a_03_TM1,X3833_X64e6,X3833_X64e7,X3833_X64e8,N2H+
AG311.6969-0.1451,TM,AG311.51_a_03_TM1,X3833_X6594,X3833_X6595,X3833_X6596,HCO+
AG311.6969-0.1451,TP,AG310.87_a_03_TP,X3833_X64e6,X3833_X64e7,X3833_X64ee,N2H+
AG311.6969-0.1451,TP,AG310.87_b_03_TP,X3833_X6594,X3833_X6595,X3833_X659e,HCO+
AG312.1207-0.0823,SM,AG311.18_a_03_7M,X3833_X64e6,X3833_X64e7,X3833_X64ea,N2H+
AG312.1207-0.0823,SM,AG311.51_a_03_7M,X3833_X6594,X3833_X6595,X3833_X6598,HCO+
AG312.1207-0.0823,TM,AG311.18_a_03_TM1,X3833_X64e6,X3833_X64e7,X3833_X64e8,N2H+
AG312.1207-0.0823,TM,AG311.51_a_03_TM1,X3833_X6594,X3833_X6595,X3833_X6596,HCO+
AG312.1207-0.0823,TP,AG310.87_a_03_TP,X3833_X64e6,X3833_X64e7,X3833_X64ee,N2H+
AG312.1207-0.0823,TP,AG312.12_a_03_TP,X3833_X6594,X3833_X6595,X3833_X659c,HCO+
AG312.4758-0.0556,SM,AG311.18_a_03_7M,X3833_X64e6,X3833_X64e7,X3833_X64ea,N2H+
AG312.4758-0.0556,SM,AG311.51_a_03_7M,X3833_X6594,X3833_X6595,X3833_X6598,HCO+
AG312.4758-0.0556,TM,AG311.18_a_03_TM1,X3833_X64e6,X3833_X64e7,X3833_X64e8,N2H+
AG312.4758-0.0556,TM,AG311.51_a_03_TM1,X3833_X6594,X3833_X6595,X3833_X6596,HCO+
AG312.4758-0.0556,TP,AG311.18_a_03_TP,X3833_X6594,X3833_X6595,X3833_X659a,HCO+
AG312.4758-0.0556,TP,AG311.23_a_03_TP,X3833_X64e6,X3833_X64e7,X3833_X64ec,N2H+
AG312.5900-0.5020,SM,AG311.18_a_03_7M,X3833_X64e6,X3833_X64e7,X3833_X64ea,N2H+
AG312.5900-0.5020,SM,AG311.51_a_03_7M,X3833_X6594,X3833_X6595,X3833_X6598,HCO+
AG312.5900-0.5020,TM,AG311.18_a_03_TM1,X3833_X64e6,X3833_X64e7,X3833_X64e8,N2H+
AG312.5900-0.5020,TM,AG311.51_a_03_TM1,X3833_X6594,X3833_X6595,X3833_X6596,HCO+
AG312.5900-0.5020,TP,AG310.87_b_03_TP,X3833_X6594,X3833_X6595,X3833_X659e,HCO+
AG312.5900-0.5020,TP,AG311.05_a_03_TP,X3833_X64e6,X3833_X64e7,X3833_X64f0,N2H+
AG314.2664+0.0911,SM,AG311.18_a_03_7M,X3833_X64e6,X3833_X64e7,X3833_X64ea,N2H+
AG314.2664+0.0911,SM,AG311.51_a_03_7M,X3833_X6594,X3833_X6595,X3833_X6598,HCO+
AG314.2664+0.0911,TM,AG311.18_a_03_TM1,X3833_X64e6,X3833_X64e7,X3833_X64e8,N2H+
AG314.2664+0.0911,TM,AG311.51_a_03_TM1,X3833_X6594,X3833_X6595,X3833_X6596,HCO+
AG314.2664+0.0911,TP,AG311.05_a_03_TP,X3833_X64e6,X3833_X64e7,X3833_X64f0,N2H+
AG314.2664+0.0911,TP,AG312.12_a_03_TP,X3833_X6594,X3833_X6595,X3833_X659c,HCO+
AG314.3721+0.0949,SM,AG311.18_a_03_7M,X3833_X64e6,X3833_X64e7,X3833_X64ea,N2H+
AG314.3721+0.0949,SM,AG311.51_a_03_7M,X3833_X6594,X3833_X6595,X3833_X6598,HCO+
AG314.3721+0.0949,TM,AG311.18_a_03_TM1,X3833_X64e6,X3833_X64e7,X3833_X64e8,N2H+
AG314.3721+0.0949,TM,AG311.51_a_03_TM1,X3833_X6594,X3833_X6595,X3833_X6596,HCO+
AG314.3721+0.0949,TP,AG310.87_b_03_TP,X3833_X6594,X3833_X6595,X3833_X659e,HCO+
AG314.3721+0.0949,TP,AG311.23_a_03_TP,X3833_X64e6,X3833_X64e7,X3833_X64ec,N2H+
AG316.4045-0.4657,SM,AG311.18_a_03_7M,X3833_X64e6,X3833_X64e7,X3833_X64ea,N2H+
AG316.4045-0.4657,SM,AG311.51_a_03_7M,X3833_X6594,X3833_X6595,X3833_X6598,HCO+
AG316.4045-0.4657,TM,AG311.18_a_03_TM1,X3833_X64e6,X3833_X64e7,X3833_X64e8,N2H+
AG316.4045-0.4657,TM,AG311.51_a_03_TM1,X3833_X6594,X3833_X6595,X3833_X6596,HCO+
AG316.4045-0.4657,TP,AG310.87_b_03_TP,X3833_X6594,X3833_X6595,X3833_X659e,HCO+
AG316.4045-0.4657,TP,AG311.23_a_03_TP,X3833_X64e6,X3833_X64e7,X3833_X64ec,N2H+
AG316.7670-0.0240,SM,AG311.18_a_03_7M,X3833_X64e6,X3833_X64e7,X3833_X64ea,N2H+
AG316.7670-0.0240,SM,AG311.51_a_03_7M,X3833_X6594,X3833_X6595,X3833_X6598,HCO+
AG316.7670-0.0240,TM,AG311.18_a_03_TM1,X3833_X64e6,X3833_X64e7,X3833_X64e8,N2H+
AG316.7670-0.0240,TM,AG311.51_a_03_TM1,X3833_X6594,X3833_X6595,X3833_X6596,HCO+
AG316.7670-0.0240,TP,AG310.87_a_03_TP,X3833_X64e6,X3833_X64e7,X3833_X64ee,N2H+
AG316.7670-0.0240,TP,AG312.12_a_03_TP,X3833_X6594,X3833_X6595,X3833_X659c,HCO+
AG316.7996-0.0559,SM,AG311.18_a_03_7M,X3833_X64e6,X3833_X64e7,X3833_X64ea,N2H+
AG316.7996-0.0559,SM,AG311.51_a_03_7M,X3833_X6594,X3833_X6595,X3833_X6598,HCO+
AG316.7996-0.0559,TM,AG311.18_a_03_TM1,X3833_X64e6,X3833_X64e7,X3833_X64e8,N2H+
AG316.7996-0.0559,TM,AG311.51_a_03_TM1,X3833_X6594,X3833_X6595,X3833_X6596,HCO+
AG316.7996-0.0559,TP,AG311.05_a_03_TP,X3833_X64e6,X3833_X64e7,X3833_X64f0,N2H+
AG316.7996-0.0559,TP,AG312.12_a_03_TP,X3833_X6594,X3833_X6595,X3833_X659c,HCO+
AG316.8113-0.0575,SM,AG311.18_a_03_7M,X3833_X64e6,X3833_X64e7,X3833_X64ea,N2H+
AG316.8113-0.0575,SM,AG311.51_a_03_7M,X3833_X6594,X3833_X6595,X3833_X6598,HCO+
AG316.8113-0.0575,TM,AG311.18_a_03_TM1,X3833_X64e6,X3833_X64e7,X3833_X64e8,N2H+
AG316.8113-0.0575,TM,AG311.51_a_03_TM1,X3833_X6594,X3833_X6595,X3833_X6596,HCO+
AG316.8113-0.0575,TP,AG310.87_a_03_TP,X3833_X64e6,X3833_X64e7,X3833_X64ee,N2H+
AG316.8113-0.0575,TP,AG312.12_a_03_TP,X3833_X6594,X3833_X6595,X3833_X659c,HCO+
AG317.4083+0.1103,SM,AG311.18_a_03_7M,X3833_X64e6,X3833_X64e7,X3833_X64ea,N2H+
AG317.4083+0.1103,SM,AG311.51_a_03_7M,X3833_X6594,X3833_X6595,X3833_X6598,HCO+
AG317.4083+0.1103,TM,AG311.18_a_03_TM1,X3833_X64e6,X3833_X64e7,X3833_X64e8,N2H+
AG317.4083+0.1103,TM,AG311.51_a_03_TM1,X3833_X6594,X3833_X6595,X3833_X6596,HCO+
AG317.4083+0.1103,TP,AG311.05_a_03_TP,X3833_X64e6,X3833_X64e7,X3833_X64f0,N2H+
AG317.4083+0.1103,TP,AG311.18_a_03_TP,X3833_X6594,X3833_X6595,X3833_X659a,HCO+
AG318.0491+0.0873,SM,AG311.18_a_03_7M,X3833_X64e6,X3833_X64e7,X3833_X64ea,N2H+
AG318.0491+0.0873,SM,AG311.51_a_03_7M,X3833_X6594,X3833_X6595,X3833_X6598,HCO+
AG318.0491+0.0873,TM,AG311.18_a_03_TM1,X3833_X64e6,X3833_X64e7,X3833_X64e8,N2H+
AG318.0491+0.0873,TM,AG311.51_a_03_TM1,X3833_X6594,X3833_X6595,X3833_X6596,HCO+
AG318.0491+0.0873,TP,AG310.87_b_03_TP,X3833_X6594,X3833_X6595,X3833_X659e,HCO+
AG318.0491+0.0873,TP,AG311.23_a_03_TP,X3833_X64e6,X3833_X64e7,X3833_X64ec,N2H+
AG319.7910-0.4594,SM,AG311.18_a_03_7M,X3833_X64e6,X3833_X64e7,X3833_X64ea,N2H+
AG319.7910-0.4594,SM,AG311.51_a_03_7M,X3833_X6594,X3833_X6595,X3833_X6598,HCO+
AG319.7910-0.4594,TM,AG311.18_a_03_TM1,X3833_X64e6,X3833_X64e7,X3833_X64e8,N2H+
AG319.7910-0.4594,TM,AG311.51_a_03_TM1,X3833_X6594,X3833_X6595,X3833_X6596,HCO+
AG319.7910-0.4594,TP,AG311.05_a_03_TP,X3833_X64e6,X3833_X64e7,X3833_X64f0,N2H+
AG319.7910-0.4594,TP,AG312.12_a_03_TP,X3833_X6594,X3833_X6595,X3833_X659c,HCO+
AG320.2463-0.2942,SM,AG311.18_a_03_7M,X3833_X64e6,X3833_X64e7,X3833_X64ea,N2H+
AG320.2463-0.2942,SM,AG311.51_a_03_7M,X3833_X6594,X3833_X6595,X3833_X6598,HCO+
AG320.2463-0.2942,TM,AG311.18_a_03_TM1,X3833_X64e6,X3833_X64e7,X3833_X64e8,N2H+
AG320.2463-0.2942,TM,AG311.51_a_03_TM1,X3833_X6594,X3833_X6595,X3833_X6596,HCO+
AG320.2463-0.2942,TP,AG310.87_a_03_TP,X3833_X64e6,X3833_X64e7,X3833_X64ee,N2H+
AG320.2463-0.2942,TP,AG311.18_a_03_TP,X3833_X6594,X3833_X6595,X3833_X659a,HCO+
AG320.6753+0.2459,SM,AG311.18_a_03_7M,X3833_X64e6,X3833_X64e7,X3833_X64ea,N2H+
AG320.6753+0.2459,SM,AG311.51_a_03_7M,X3833_X6594,X3833_X6595,X3833_X6598,HCO+
AG320.6753+0.2459,TM,AG311.18_a_03_TM1,X3833_X64e6,X3833_X64e7,X3833_X64e8,N2H+
AG320.6753+0.2459,TM,AG311.51_a_03_TM1,X3833_X6594,X3833_X6595,X3833_X6596,HCO+
AG320.6753+0.2459,TP,AG311.05_a_03_TP,X3833_X64e6,X3833_X64e7,X3833_X64f0,N2H+
AG320.6753+0.2459,TP,AG312.12_a_03_TP,X3833_X6594,X3833_X6595,X3833_X659c,HCO+
AG323.4594-0.0788,SM,AG326.65_a_03_7M,X3833_X65a0,X3833_X65a1,X3833_X65a4,HCO+
AG323.4594-0.0788,SM,AG326.78_a_03_7M,X3833_X64f2,X3833_X64f3,X3833_X64f6,N2H+
AG323.4594-0.0788,TM,AG326.78_a_03_TM1,X3833_X64f2,X3833_X64f3,X3833_X64f4,N2H+
AG323.4594-0.0788,TP,AG323.45_a_03_TP,X3833_X64f2,X3833_X64f3,X3833_X64fa,N2H+
AG323.4594-0.0788,TP,AG323.45_b_03_TP,X3833_X65a0,X3833_X65a1,X3833_X65a8,HCO+
AG323.7402-0.2625,SM,AG326.65_a_03_7M,X3833_X65a0,X3833_X65a1,X3833_X65a4,HCO+
AG323.7402-0.2625,SM,AG326.78_a_03_7M,X3833_X64f2,X3833_X64f3,X3833_X64f6,N2H+
AG323.7402-0.2625,TM,AG326.78_a_03_TM1,X3833_X64f2,X3833_X64f3,X3833_X64f4,N2H+
AG323.7402-0.2625,TP,AG323.74_a_03_TP,X3833_X64f2,X3833_X64f3,X3833_X64f8,N2H+
AG323.7402-0.2625,TP,AG323.74_c_03_TP,X3833_X65a0,X3833_X65a1,X3833_X65aa,HCO+
AG323.7408-0.2633,SM,AG326.65_a_03_7M,X3833_X65a0,X3833_X65a1,X3833_X65a4,HCO+
AG323.7408-0.2633,SM,AG326.78_a_03_7M,X3833_X64f2,X3833_X64f3,X3833_X64f6,N2H+
AG323.7408-0.2633,TM,AG326.78_a_03_TM1,X3833_X64f2,X3833_X64f3,X3833_X64f4,N2H+
AG323.7408-0.2633,TP,AG323.74_a_03_TP,X3833_X64f2,X3833_X64f3,X3833_X64f8,N2H+
AG325.1946-0.0849,SM,AG326.65_a_03_7M,X3833_X65a0,X3833_X65a1,X3833_X65a4,HCO+
AG325.1946-0.0849,SM,AG326.78_a_03_7M,X3833_X64f2,X3833_X64f3,X3833_X64f6,N2H+
AG325.1946-0.0849,TM,AG326.78_a_03_TM1,X3833_X64f2,X3833_X64f3,X3833_X64f4,N2H+
AG325.1946-0.0849,TP,AG323.45_a_03_TP,X3833_X64f2,X3833_X64f3,X3833_X64fa,N2H+
AG325.1946-0.0849,TP,AG323.45_b_03_TP,X3833_X65a0,X3833_X65a1,X3833_X65a8,HCO+
AG326.4727-0.3776,SM,AG326.65_a_03_7M,X3833_X65a0,X3833_X65a1,X3833_X65a4,HCO+
AG326.4727-0.3776,SM,AG326.78_a_03_7M,X3833_X64f2,X3833_X64f3,X3833_X64f6,N2H+
AG326.4727-0.3776,TM,AG326.78_a_03_TM1,X3833_X64f2,X3833_X64f3,X3833_X64f4,N2H+
AG326.4727-0.3776,TP,AG323.45_a_03_TP,X3833_X64f2,X3833_X64f3,X3833_X64fa,N2H+
AG326.4727-0.3776,TP,AG323.74_c_03_TP,X3833_X65a0,X3833_X65a1,X3833_X65aa,HCO+
AG326.5444+0.1696,SM,AG326.65_a_03_7M,X3833_X65a0,X3833_X65a1,X3833_X65a4,HCO+
AG326.5444+0.1696,SM,AG326.78_a_03_7M,X3833_X64f2,X3833_X64f3,X3833_X64f6,N2H+
AG326.5444+0.1696,TM,AG326.78_a_03_TM1,X3833_X64f2,X3833_X64f3,X3833_X64f4,N2H+
AG326.5444+0.1696,TP,AG323.45_a_03_TP,X3833_X64f2,X3833_X64f3,X3833_X64fa,N2H+
AG326.5444+0.1696,TP,AG323.74_c_03_TP,X3833_X65a0,X3833_X65a1,X3833_X65aa,HCO+
AG326.5647+0.1253,SM,AG326.65_a_03_7M,X3833_X65a0,X3833_X65a1,X3833_X65a4,HCO+
AG326.5647+0.1253,SM,AG326.78_a_03_7M,X3833_X64f2,X3833_X64f3,X3833_X64f6,N2H+
AG326.5647+0.1253,TM,AG326.78_a_03_TM1,X3833_X64f2,X3833_X64f3,X3833_X64f4,N2H+
AG326.5647+0.1253,TP,AG323.45_b_03_TP,X3833_X65a0,X3833_X65a1,X3833_X65a8,HCO+
AG326.5647+0.1253,TP,AG323.74_a_03_TP,X3833_X64f2,X3833_X64f3,X3833_X64f8,N2H+
AG326.6550+0.4613,SM,AG326.65_a_03_7M,X3833_X65a0,X3833_X65a1,X3833_X65a4,HCO+
AG326.6550+0.4613,SM,AG326.78_a_03_7M,X3833_X64f2,X3833_X64f3,X3833_X64f6,N2H+
AG326.6550+0.4613,TM,AG326.78_a_03_TM1,X3833_X64f2,X3833_X64f3,X3833_X64f4,N2H+
AG326.6550+0.4613,TP,AG323.45_b_03_TP,X3833_X65a0,X3833_X65a1,X3833_X65a8,HCO+
AG326.6550+0.4613,TP,AG326.65_a_03_TP,X3833_X64f2,X3833_X64f3,X3833_X64fc,N2H+
AG326.7167+0.4438,SM,AG326.65_a_03_7M,X3833_X65a0,X3833_X65a1,X3833_X65a4,HCO+
AG326.7167+0.4438,SM,AG326.78_a_03_7M,X3833_X64f2,X3833_X64f3,X3833_X64f6,N2H+
AG326.7167+0.4438,TM,AG326.78_a_03_TM1,X3833_X64f2,X3833_X64f3,X3833_X64f4,N2H+
AG326.7167+0.4438,TP,AG323.74_a_03_TP,X3833_X64f2,X3833_X64f3,X3833_X64f8,N2H+
AG326.7744-0.1264,SM,AG326.65_a_03_7M,X3833_X65a0,X3833_X65a1,X3833_X65a4,HCO+
AG326.7744-0.1264,SM,AG326.78_a_03_7M,X3833_X64f2,X3833_X64f3,X3833_X64f6,N2H+
AG326.7744-0.1264,TM,AG326.78_a_03_TM1,X3833_X64f2,X3833_X64f3,X3833_X64f4,N2H+
AG326.7744-0.1264,TP,AG323.45_b_03_TP,X3833_X65a0,X3833_X65a1,X3833_X65a8,HCO+
AG326.7744-0.1264,TP,AG326.65_a_03_TP,X3833_X64f2,X3833_X64f3,X3833_X64fc,N2H+
AG326.7806-0.2413,SM,AG326.65_a_03_7M,X3833_X65a0,X3833_X65a1,X3833_X65a4,HCO+
AG326.7806-0.2413,SM,AG326.78_a_03_7M,X3833_X64f2,X3833_X64f3,X3833_X64f6,N2H+
AG326.7806-0.2413,TM,AG326.78_a_03_TM1,X3833_X64f2,X3833_X64f3,X3833_X64f4,N2H+
AG326.7806-0.2413,TP,AG326.65_a_03_TP,X3833_X64f2,X3833_X64f3,X3833_X64fc,N2H+
AG326.7858-0.4159,SM,AG326.65_a_03_7M,X3833_X65a0,X3833_X65a1,X3833_X65a4,HCO+
AG326.7858-0.4159,SM,AG326.78_a_03_7M,X3833_X64f2,X3833_X64f3,X3833_X64f6,N2H+
AG326.7858-0.4159,TM,AG326.78_a_03_TM1,X3833_X64f2,X3833_X64f3,X3833_X64f4,N2H+
AG326.7858-0.4159,TP,AG323.45_a_03_TP,X3833_X64f2,X3833_X64f3,X3833_X64fa,N2H+
AG326.7858-0.4159,TP,AG323.45_b_03_TP,X3833_X65a0,X3833_X65a1,X3833_X65a8,HCO+
AG326.8407-0.0461,SM,AG326.65_a_03_7M,X3833_X65a0,X3833_X65a1,X3833_X65a4,HCO+
AG326.8407-0.0461,SM,AG326.78_a_03_7M,X3833_X64f2,X3833_X64f3,X3833_X64f6,N2H+
AG326.8407-0.0461,TM,AG326.78_a_03_TM1,X3833_X64f2,X3833_X64f3,X3833_X64f4,N2H+
AG326.8407-0.0461,TP,AG323.74_c_03_TP,X3833_X65a0,X3833_X65a1,X3833_X65aa,HCO+
AG326.8407-0.0461,TP,AG326.65_a_03_TP,X3833_X64f2,X3833_X64f3,X3833_X64fc,N2H+
AG326.8567-0.0574,SM,AG326.65_a_03_7M,X3833_X65a0,X3833_X65a1,X3833_X65a4,HCO+
AG326.8567-0.0574,SM,AG326.78_a_03_7M,X3833_X64f2,X3833_X64f3,X3833_X64f6,N2H+
AG326.8567-0.0574,TM,AG326.78_a_03_TM1,X3833_X64f2,X3833_X64f3,X3833_X64f4,N2H+
AG326.8567-0.0574,TP,AG323.74_a_03_TP,X3833_X64f2,X3833_X64f3,X3833_X64f8,N2H+
AG326.8567-0.0574,TP,AG323.74_c_03_TP,X3833_X65a0,X3833_X65a1,X3833_X65aa,HCO+
AG326.8832-0.2663,SM,AG326.65_a_03_7M,X3833_X65a0,X3833_X65a1,X3833_X65a4,HCO+
AG326.8832-0.2663,SM,AG326.78_a_03_7M,X3833_X64f2,X3833_X64f3,X3833_X64f6,N2H+
AG326.8832-0.2663,TM,AG326.78_a_03_TM1,X3833_X64f2,X3833_X64f3,X3833_X64f4,N2H+
AG326.8832-0.2663,TP,AG323.45_a_03_TP,X3833_X64f2,X3833_X64f3,X3833_X64fa,N2H+
AG326.9188-0.3046,SM,AG326.65_a_03_7M,X3833_X65a0,X3833_X65a1,X3833_X65a4,HCO+
AG326.9188-0.3046,SM,AG326.78_a_03_7M,X3833_X64f2,X3833_X64f3,X3833_X64f6,N2H+
AG326.9188-0.3046,TM,AG326.78_a_03_TM1,X3833_X64f2,X3833_X64f3,X3833_X64f4,N2H+
AG326.9188-0.3046,TP,AG323.74_a_03_TP,X3833_X64f2,X3833_X64f3,X3833_X64f8,N2H+
AG326.9435-0.1675,SM,AG326.65_a_03_7M,X3833_X65a0,X3833_X65a1,X3833_X65a4,HCO+
AG326.9435-0.1675,SM,AG326.78_a_03_7M,X3833_X64f2,X3833_X64f3,X3833_X64f6,N2H+
AG326.9435-0.1675,TM,AG326.78_a_03_TM1,X3833_X64f2,X3833_X64f3,X3833_X64f4,N2H+
AG326.9435-0.1675,TP,AG323.45_a_03_TP,X3833_X64f2,X3833_X64f3,X3833_X64fa,N2H+
AG326.9435-0.1675,TP,AG323.74_c_03_TP,X3833_X65a0,X3833_X65a1,X3833_X65aa,HCO+
AG326.9646-0.0018,SM,AG326.65_a_03_7M,X3833_X65a0,X3833_X65a1,X3833_X65a4,HCO+
AG326.9646-0.0018,SM,AG326.78_a_03_7M,X3833_X64f2,X3833_X64f3,X3833_X64f6,N2H+
AG326.9646-0.0018,TM,AG326.78_a_03_TM1,X3833_X64f2,X3833_X64f3,X3833_X64f4,N2H+
AG326.9646-0.0018,TP,AG323.74_a_03_TP,X3833_X64f2,X3833_X64f3,X3833_X64f8,N2H+
AG326.9726-0.0318,SM,AG326.65_a_03_7M,X3833_X65a0,X3833_X65a1,X3833_X65a4,HCO+
AG326.9726-0.0318,SM,AG326.78_a_03_7M,X3833_X64f2,X3833_X64f3,X3833_X64f6,N2H+
AG326.9726-0.0318,TM,AG326.78_a_03_TM1,X3833_X64f2,X3833_X64f3,X3833_X64f4,N2H+
AG326.9726-0.0318,TP,AG326.65_a_03_TP,X3833_X64f2,X3833_X64f3,X3833_X64fc,N2H+
AG327.0513+0.0386,SM,AG326.65_a_03_7M,X3833_X65a0,X3833_X65a1,X3833_X65a4,HCO+
AG327.0513+0.0386,SM,AG326.78_a_03_7M,X3833_X64f2,X3833_X64f3,X3833_X64f6,N2H+
AG327.0513+0.0386,TM,AG326.78_a_03_TM1,X3833_X64f2,X3833_X64f3,X3833_X64f4,N2H+
AG327.0513+0.0386,TP,AG323.74_c_03_TP,X3833_X65a0,X3833_X65a1,X3833_X65aa,HCO+
AG327.0513+0.0386,TP,AG326.65_a_03_TP,X3833_X64f2,X3833_X64f3,X3833_X64fc,N2H+
AG327.0692-0.2884,SM,AG326.65_a_03_7M,X3833_X65a0,X3833_X65a1,X3833_X65a4,HCO+
AG327.0692-0.2884,SM,AG326.78_a_03_7M,X3833_X64f2,X3833_X64f3,X3833_X64f6,N2H+
AG327.0692-0.2884,TM,AG326.78_a_03_TM1,X3833_X64f2,X3833_X64f3,X3833_X64f4,N2H+
AG327.0692-0.2884,TP,AG323.45_b_03_TP,X3833_X65a0,X3833_X65a1,X3833_X65a8,HCO+
AG327.0692-0.2884,TP,AG326.65_a_03_TP,X3833_X64f2,X3833_X64f3,X3833_X64fc,N2H+
AG327.0931-0.3027,SM,AG327.73_a_03_7M,,X3833_X65ad,X3833_X65b0,HCO+
AG327.0931-0.3027,SM,AG328.33_a_03_7M,,X3833_X64ff,X3833_X6502,N2H+
AG327.0931-0.3027,TP,AG327.09_a_03_TP,,X3833_X64ff,X3833_X6506,N2H+
AG327.0931-0.3027,TP,AG327.09_b_03_TP,,X3833_X65ad,X3833_X65b6,HCO+
AG327.1292-0.2683,SM,AG327.73_a_03_7M,,X3833_X65ad,X3833_X65b0,HCO+
AG327.1292-0.2683,SM,AG328.33_a_03_7M,,X3833_X64ff,X3833_X6502,N2H+
AG327.1292-0.2683,TP,AG327.09_a_03_TP,,X3833_X64ff,X3833_X6506,N2H+
AG327.1292-0.2683,TP,AG327.09_b_03_TP,,X3833_X65ad,X3833_X65b6,HCO+
AG327.1635-0.2503,SM,AG327.73_a_03_7M,,X3833_X65ad,X3833_X65b0,HCO+
AG327.1635-0.2503,SM,AG328.33_a_03_7M,,X3833_X64ff,X3833_X6502,N2H+
AG327.1635-0.2503,TP,AG327.09_a_03_TP,,X3833_X64ff,X3833_X6506,N2H+
AG327.1665-0.3545,SM,AG327.73_a_03_7M,,X3833_X65ad,X3833_X65b0,HCO+
AG327.1665-0.3545,SM,AG328.33_a_03_7M,,X3833_X64ff,X3833_X6502,N2H+
AG327.1665-0.3545,TP,AG327.09_a_03_TP,,X3833_X64ff,X3833_X6506,N2H+
AG327.2300-0.5027,SM,AG327.73_a_03_7M,,X3833_X65ad,X3833_X65b0,HCO+
AG327.2300-0.5027,SM,AG328.33_a_03_7M,,X3833_X64ff,X3833_X6502,N2H+
AG327.2420-0.2282,SM,AG327.73_a_03_7M,,X3833_X65ad,X3833_X65b0,HCO+
AG327.2420-0.2282,SM,AG328.33_a_03_7M,,X3833_X64ff,X3833_X6502,N2H+
AG327.2455-0.2176,SM,AG327.73_a_03_7M,,X3833_X65ad,X3833_X65b0,HCO+
AG327.2455-0.2176,SM,AG328.33_a_03_7M,,X3833_X64ff,X3833_X6502,N2H+
AG327.4026+0.4445,SM,AG327.73_a_03_7M,,X3833_X65ad,X3833_X65b0,HCO+
AG327.4026+0.4445,SM,AG328.33_a_03_7M,,X3833_X64ff,X3833_X6502,N2H+
AG327.4026+0.4445,TP,AG327.09_b_03_TP,,X3833_X65ad,X3833_X65b6,HCO+
AG327.6283-0.3559,SM,AG327.73_a_03_7M,,X3833_X65ad,X3833_X65b0,HCO+
AG327.6283-0.3559,SM,AG328.33_a_03_7M,,X3833_X64ff,X3833_X6502,N2H+
AG327.7108-0.3939,SM,AG327.73_a_03_7M,,X3833_X65ad,X3833_X65b0,HCO+
AG327.7108-0.3939,SM,AG328.33_a_03_7M,,X3833_X64ff,X3833_X6502,N2H+
AG327.7108-0.3939,TP,AG327.09_a_03_TP,,X3833_X64ff,X3833_X6506,N2H+
AG327.7328-0.3861,SM,AG327.73_a_03_7M,,X3833_X65ad,X3833_X65b0,HCO+
AG327.7328-0.3861,SM,AG328.33_a_03_7M,,X3833_X64ff,X3833_X6502,N2H+
AG327.7675-0.3460,SM,AG327.73_a_03_7M,,X3833_X65ad,X3833_X65b0,HCO+
AG327.7675-0.3460,SM,AG328.33_a_03_7M,,X3833_X64ff,X3833_X6502,N2H+
AG327.7675-0.3460,TP,AG327.09_b_03_TP,,X3833_X65ad,X3833_X65b6,HCO+
AG327.9464-0.1153,SM,AG327.73_a_03_7M,,X3833_X65ad,X3833_X65b0,HCO+
AG327.9464-0.1153,SM,AG328.33_a_03_7M,,X3833_X64ff,X3833_X6502,N2H+
AG328.0595+0.3706,SM,AG327.73_a_03_7M,,X3833_X65ad,X3833_X65b0,HCO+
AG328.0595+0.3706,SM,AG328.33_a_03_7M,,X3833_X64ff,X3833_X6502,N2H+
AG328.2823-0.0457,SM,AG327.73_a_03_7M,,X3833_X65ad,X3833_X65b0,HCO+
AG328.2823-0.0457,SM,AG328.33_a_03_7M,,X3833_X64ff,X3833_X6502,N2H+
AG328.2823-0.0457,TP,AG327.09_a_03_TP,,X3833_X64ff,X3833_X6506,N2H+
AG328.3379+0.0793,SM,AG327.73_a_03_7M,,X3833_X65ad,X3833_X65b0,HCO+
AG328.3379+0.0793,SM,AG328.33_a_03_7M,,X3833_X64ff,X3833_X6502,N2H+
AG328.3468-0.4568,SM,AG327.73_a_03_7M,,X3833_X65ad,X3833_X65b0,HCO+
AG328.3468-0.4568,SM,AG328.33_a_03_7M,,X3833_X64ff,X3833_X6502,N2H+
AG328.4075-0.1077,SM,AG327.73_a_03_7M,,X3833_X65ad,X3833_X65b0,HCO+
AG328.4075-0.1077,SM,AG328.33_a_03_7M,,X3833_X64ff,X3833_X6502,N2H+
AG328.5488+0.2716,SM,AG327.73_a_03_7M,,X3833_X65ad,X3833_X65b0,HCO+
AG328.5488+0.2716,SM,AG328.33_a_03_7M,,X3833_X64ff,X3833_X6502,N2H+
AG328.5668+0.4234,SM,AG327.73_a_03_7M,,X3833_X65ad,X3833_X65b0,HCO+
AG328.5668+0.4234,SM,AG328.33_a_03_7M,,X3833_X64ff,X3833_X6502,N2H+
AG328.5668+0.4234,TP,AG327.09_a_03_TP,,X3833_X64ff,X3833_X6506,N2H+
AG328.8537+0.3064,SM,AG327.73_a_03_7M,,X3833_X65ad,X3833_X65b0,HCO+
AG328.8537+0.3064,SM,AG328.33_a_03_7M,,X3833_X64ff,X3833_X6502,N2H+
AG328.8987+0.3496,SM,AG329.40_a_03_7M,,X3833_X65b9,X3833_X65bc,HCO+
AG328.8987+0.3496,SM,AG330.67_a_03_7M,X3833_X650a,X3833_X650b,X3833_X650e,N2H+
AG329.0399-0.1383,SM,AG329.40_a_03_7M,,X3833_X65b9,X3833_X65bc,HCO+
AG329.0399-0.1383,SM,AG330.67_a_03_7M,X3833_X650a,X3833_X650b,X3833_X650e,N2H+
AG329.2723+0.1149,SM,AG329.40_a_03_7M,,X3833_X65b9,X3833_X65bc,HCO+
AG329.2723+0.1149,SM,AG330.67_a_03_7M,X3833_X650a,X3833_X650b,X3833_X650e,N2H+
AG329.3134-0.3016,SM,AG329.40_a_03_7M,,X3833_X65b9,X3833_X65bc,HCO+
AG329.3134-0.3016,SM,AG330.67_a_03_7M,X3833_X650a,X3833_X650b,X3833_X650e,N2H+
AG329.3757-0.2863,SM,AG329.40_a_03_7M,,X3833_X65b9,X3833_X65bc,HCO+
AG329.3757-0.2863,SM,AG330.67_a_03_7M,X3833_X650a,X3833_X650b,X3833_X650e,N2H+
AG329.3875-0.2997,SM,AG329.40_a_03_7M,,X3833_X65b9,X3833_X65bc,HCO+
AG329.3875-0.2997,SM,AG330.67_a_03_7M,X3833_X650a,X3833_X650b,X3833_X650e,N2H+
AG329.4061-0.4590,SM,AG329.40_a_03_7M,,X3833_X65b9,X3833_X65bc,HCO+
AG329.4061-0.4590,SM,AG330.67_a_03_7M,X3833_X650a,X3833_X650b,X3833_X650e,N2H+
AG329.4259-0.1626,SM,AG329.40_a_03_7M,,X3833_X65b9,X3833_X65bc,HCO+
AG329.4259-0.1626,SM,AG330.67_a_03_7M,X3833_X650a,X3833_X650b,X3833_X650e,N2H+
AG329.4491+0.4865,SM,AG329.40_a_03_7M,,X3833_X65b9,X3833_X65bc,HCO+
AG329.4491+0.4865,SM,AG330.67_a_03_7M,X3833_X650a,X3833_X650b,X3833_X650e,N2H+
AG329.5249+0.0848,SM,AG329.40_a_03_7M,,X3833_X65b9,X3833_X65bc,HCO+
AG329.5249+0.0848,SM,AG330.67_a_03_7M,X3833_X650a,X3833_X650b,X3833_X650e,N2H+
AG329.6101+0.1137,SM,AG329.40_a_03_7M,,X3833_X65b9,X3833_X65bc,HCO+
AG329.6101+0.1137,SM,AG330.67_a_03_7M,X3833_X650a,X3833_X650b,X3833_X650e,N2H+
AG330.6727-0.3741,SM,AG329.40_a_03_7M,,X3833_X65b9,X3833_X65bc,HCO+
AG330.6727-0.3741,SM,AG330.67_a_03_7M,X3833_X650a,X3833_X650b,X3833_X650e,N2H+
AG330.6769-0.4022,SM,AG329.40_a_03_7M,,X3833_X65b9,X3833_X65bc,HCO+
AG330.6769-0.4022,SM,AG330.67_a_03_7M,X3833_X650a,X3833_X650b,X3833_X650e,N2H+
AG330.7858-0.3220,SM,AG329.40_a_03_7M,,X3833_X65b9,X3833_X65bc,HCO+
AG330.7858-0.3220,SM,AG330.67_a_03_7M,X3833_X650a,X3833_X650b,X3833_X650e,N2H+
AG330.8746-0.3832,SM,AG329.40_a_03_7M,,X3833_X65b9,X3833_X65bc,HCO+
AG330.8746-0.3832,SM,AG330.67_a_03_7M,X3833_X650a,X3833_X650b,X3833_X650e,N2H+
AG330.9586-0.2724,SM,AG329.40_a_03_7M,,X3833_X65b9,X3833_X65bc,HCO+
AG330.9586-0.2724,SM,AG330.67_a_03_7M,X3833_X650a,X3833_X650b,X3833_X650e,N2H+
AG330.9704-0.1535,SM,AG329.40_a_03_7M,,X3833_X65b9,X3833_X65bc,HCO+
AG330.9704-0.1535,SM,AG330.67_a_03_7M,X3833_X650a,X3833_X650b,X3833_X650e,N2H+
AG331.0328-0.4161,SM,AG329.40_a_03_7M,,X3833_X65b9,X3833_X65bc,HCO+
AG331.0328-0.4161,SM,AG330.67_a_03_7M,X3833_X650a,X3833_X650b,X3833_X650e,N2H+
AG331.0782-0.1958,SM,AG329.40_a_03_7M,,X3833_X65b9,X3833_X65bc,HCO+
AG331.0782-0.1958,SM,AG330.67_a_03_7M,X3833_X650a,X3833_X650b,X3833_X650e,N2H+
AG331.0843-0.4758,SM,AG329.40_a_03_7M,,X3833_X65b9,X3833_X65bc,HCO+
AG331.0843-0.4758,SM,AG330.67_a_03_7M,X3833_X650a,X3833_X650b,X3833_X650e,N2H+
AG331.1317-0.2443,SM,AG329.40_a_03_7M,,X3833_X65b9,X3833_X65bc,HCO+
AG331.1317-0.2443,SM,AG330.67_a_03_7M,X3833_X650a,X3833_X650b,X3833_X650e,N2H+
AG331.1916-0.4618,SM,AG332.29_a_03_7M,,X3833_X65c5,X3833_X65c8,HCO+
AG331.2086-0.0901,SM,AG332.29_a_03_7M,,X3833_X65c5,X3833_X65c8,HCO+
AG331.2226+0.0128,SM,AG332.29_a_03_7M,,X3833_X65c5,X3833_X65c8,HCO+
AG331.2430-0.1997,SM,AG332.29_a_03_7M,,X3833_X65c5,X3833_X65c8,HCO+
AG331.2490-0.4484,SM,AG332.29_a_03_7M,,X3833_X65c5,X3833_X65c8,HCO+
AG331.2789-0.1874,SM,AG332.29_a_03_7M,,X3833_X65c5,X3833_X65c8,HCO+
AG331.3423-0.3458,SM,AG332.29_a_03_7M,,X3833_X65c5,X3833_X65c8,HCO+
AG331.3705-0.3988,SM,AG332.29_a_03_7M,,X3833_X65c5,X3833_X65c8,HCO+
AG331.3737-0.1142,SM,AG332.29_a_03_7M,,X3833_X65c5,X3833_X65c8,HCO+
AG331.3852-0.0117,SM,AG332.29_a_03_7M,,X3833_X65c5,X3833_X65c8,HCO+
AG331.4178-0.3543,SM,AG332.29_a_03_7M,,X3833_X65c5,X3833_X65c8,HCO+
AG331.4810-0.0733,SM,AG332.29_a_03_7M,,X3833_X65c5,X3833_X65c8,HCO+
AG331.5441-0.0661,SM,AG332.29_a_03_7M,,X3833_X65c5,X3833_X65c8,HCO+
AG331.6100+0.0827,SM,AG332.29_a_03_7M,,X3833_X65c5,X3833_X65c8,HCO+
AG331.6185-0.0445,SM,AG332.29_a_03_7M,,X3833_X65c5,X3833_X65c8,HCO+
AG331.6800-0.0300,SM,AG332.29_a_03_7M,,X3833_X65c5,X3833_X65c8,HCO+
AG331.8563-0.1235,SM,AG332.29_a_03_7M,,X3833_X65c5,X3833_X65c8,HCO+
AG332.3154+0.1822,SM,AG332.98_a_03_7M,X3833_X6522,X3833_X6523,X3833_X6526,N2H+
AG332.3154+0.1822,TP,AG332.31_a_03_TP,X3833_X6522,X3833_X6523,X3833_X652a,N2H+
AG332.4237+0.1822,SM,AG332.98_a_03_7M,X3833_X6522,X3833_X6523,X3833_X6526,N2H+
AG332.4237+0.1822,TP,AG332.42_a_03_TP,X3833_X6522,X3833_X6523,X3833_X652c,N2H+
AG332.6586+0.2102,SM,AG332.98_a_03_7M,X3833_X6522,X3833_X6523,X3833_X6526,N2H+
AG332.6586+0.2102,TP,AG332.31_a_03_TP,X3833_X6522,X3833_X6523,X3833_X652a,N2H+
AG332.9526-0.2883,SM,AG332.98_a_03_7M,X3833_X6522,X3833_X6523,X3833_X6526,N2H+
AG332.9526-0.2883,TP,AG332.31_a_03_TP,X3833_X6522,X3833_X6523,X3833_X652a,N2H+
AG332.9866-0.5019,SM,AG332.98_a_03_7M,X3833_X6522,X3833_X6523,X3833_X6526,N2H+
AG332.9866-0.5019,TP,AG332.98_a_03_TP,X3833_X6522,X3833_X6523,X3833_X6528,N2H+
AG332.9868-0.4878,SM,AG332.98_a_03_7M,X3833_X6522,X3833_X6523,X3833_X6526,N2H+
AG332.9868-0.4878,TP,AG332.42_a_03_TP,X3833_X6522,X3833_X6523,X3833_X652c,N2H+
AG333.0025-0.4358,SM,AG332.98_a_03_7M,X3833_X6522,X3833_X6523,X3833_X6526,N2H+
AG333.0025-0.4358,TP,AG332.98_a_03_TP,X3833_X6522,X3833_X6523,X3833_X6528,N2H+
AG333.0123-0.4666,SM,AG332.98_a_03_7M,X3833_X6522,X3833_X6523,X3833_X6526,N2H+
AG333.0123-0.4666,TP,AG332.42_a_03_TP,X3833_X6522,X3833_X6523,X3833_X652c,N2H+
AG333.0192-0.4497,SM,AG332.98_a_03_7M,X3833_X6522,X3833_X6523,X3833_X6526,N2H+
AG333.0192-0.4497,TP,AG332.31_a_03_TP,X3833_X6522,X3833_X6523,X3833_X652a,N2H+
AG333.0367-0.4056,SM,AG332.98_a_03_7M,X3833_X6522,X3833_X6523,X3833_X6526,N2H+
AG333.0367-0.4056,TP,AG332.98_a_03_TP,X3833_X6522,X3833_X6523,X3833_X6528,N2H+
AG333.0679-0.4469,SM,AG332.98_a_03_7M,X3833_X6522,X3833_X6523,X3833_X6526,N2H+
AG333.0679-0.4469,TP,AG332.98_a_03_TP,X3833_X6522,X3833_X6523,X3833_X6528,N2H+
AG333.0733-0.4001,SM,AG332.98_a_03_7M,X3833_X6522,X3833_X6523,X3833_X6526,N2H+
AG333.0733-0.4001,TP,AG332.31_a_03_TP,X3833_X6522,X3833_X6523,X3833_X652a,N2H+
AG333.0920-0.3530,SM,AG332.98_a_03_7M,X3833_X6522,X3833_X6523,X3833_X6526,N2H+
AG333.0920-0.3530,TP,AG332.42_a_03_TP,X3833_X6522,X3833_X6523,X3833_X652c,N2H+
AG333.1117-0.5019,SM,AG332.98_a_03_7M,X3833_X6522,X3833_X6523,X3833_X6526,N2H+
AG333.1117-0.5019,TP,AG332.31_a_03_TP,X3833_X6522,X3833_X6523,X3833_X652a,N2H+
AG333.1259-0.4399,SM,AG332.98_a_03_7M,X3833_X6522,X3833_X6523,X3833_X6526,N2H+
AG333.1259-0.4399,TP,AG332.98_a_03_TP,X3833_X6522,X3833_X6523,X3833_X6528,N2H+
AG333.1825-0.3974,SM,AG332.98_a_03_7M,X3833_X6522,X3833_X6523,X3833_X6526,N2H+
AG333.1825-0.3974,TP,AG332.98_a_03_TP,X3833_X6522,X3833_X6523,X3833_X6528,N2H+
AG333.1852-0.0910,SM,AG332.98_a_03_7M,X3833_X6522,X3833_X6523,X3833_X6526,N2H+
AG333.1852-0.0910,TP,AG332.98_a_03_TP,X3833_X6522,X3833_X6523,X3833_X6528,N2H+
AG333.2217-0.4020,SM,AG332.98_a_03_7M,X3833_X6522,X3833_X6523,X3833_X6526,N2H+
AG333.2217-0.4020,TP,AG332.42_a_03_TP,X3833_X6522,X3833_X6523,X3833_X652c,N2H+
AG333.2445+0.0569,SM,AG332.98_a_03_7M,X3833_X6522,X3833_X6523,X3833_X6526,N2H+
AG333.2445+0.0569,TP,AG332.42_a_03_TP,X3833_X6522,X3833_X6523,X3833_X652c,N2H+
AG333.2858-0.3892,SM,AG332.98_a_03_7M,X3833_X6522,X3833_X6523,X3833_X6526,N2H+
AG333.2858-0.3892,TP,AG332.31_a_03_TP,X3833_X6522,X3833_X6523,X3833_X652a,N2H+
AG333.3108-0.3667,SM,AG332.98_a_03_7M,X3833_X6522,X3833_X6523,X3833_X6526,N2H+
AG333.3108-0.3667,TP,AG332.42_a_03_TP,X3833_X6522,X3833_X6523,X3833_X652c,N2H+
AG333.4663-0.1641,SM,AG333.72_b_03_7M,,X3833_X65dd,X3833_X65e0,HCO+
AG333.4718-0.4872,SM,AG333.72_b_03_7M,,X3833_X65dd,X3833_X65e0,HCO+
AG333.5297-0.4919,SM,AG333.72_b_03_7M,,X3833_X65dd,X3833_X65e0,HCO+
AG333.5658-0.2959,SM,AG333.72_b_03_7M,,X3833_X65dd,X3833_X65e0,HCO+
AG333.5989+0.0412,SM,AG333.72_b_03_7M,,X3833_X65dd,X3833_X65e0,HCO+
AG333.6404-0.1073,SM,AG333.72_b_03_7M,,X3833_X65dd,X3833_X65e0,HCO+
AG333.6558+0.0591,SM,AG333.72_b_03_7M,,X3833_X65dd,X3833_X65e0,HCO+
AG333.6821-0.2547,SM,AG333.72_b_03_7M,,X3833_X65dd,X3833_X65e0,HCO+
AG333.7209-0.2083,SM,AG333.72_b_03_7M,,X3833_X65dd,X3833_X65e0,HCO+
AG333.9300-0.1317,SM,AG333.72_b_03_7M,,X3833_X65dd,X3833_X65e0,HCO+
AG333.9869+0.2205,SM,AG333.72_b_03_7M,,X3833_X65dd,X3833_X65e0,HCO+
AG334.1057+0.4171,SM,AG333.72_b_03_7M,,X3833_X65dd,X3833_X65e0,HCO+
AG334.1825+0.0446,SM,AG333.72_b_03_7M,,X3833_X65dd,X3833_X65e0,HCO+
AG334.6362+0.4304,SM,AG333.72_b_03_7M,,X3833_X65dd,X3833_X65e0,HCO+
AG334.6408+0.4514,SM,AG333.72_b_03_7M,,X3833_X65dd,X3833_X65e0,HCO+
AG334.6487+0.4703,SM,AG333.72_b_03_7M,,X3833_X65dd,X3833_X65e0,HCO+
AG334.7034+0.0341,SM,AG333.72_b_03_7M,,X3833_X65dd,X3833_X65e0,HCO+
AG335.0593-0.4271,SM,AG333.72_b_03_7M,,X3833_X65dd,X3833_X65e0,HCO+
AG335.2500-0.3020,SM,AG333.72_b_03_7M,,X3833_X65dd,X3833_X65e0,HCO+
AG335.5849-0.2894,SM,AG333.72_b_03_7M,,X3833_X65dd,X3833_X65e0,HCO+
AG335.5905+0.1853,SM,AG333.72_b_03_7M,,X3833_X65dd,X3833_X65e0,HCO+
AG335.6946+0.2009,SM,AG336.96_a_03_7M,,X3833_X653b,X3833_X653e,N2H+
AG335.6946+0.2009,SM,AG338.06_a_03_7M,,X3833_X65e9,X3833_X65ec,HCO+
AG335.6946+0.2009,TM,AG336.96_a_03_TM1,,X3833_X653b,X3833_X653c,N2H+
AG335.7891+0.1751,SM,AG336.96_a_03_7M,,X3833_X653b,X3833_X653e,N2H+
AG335.7891+0.1751,SM,AG338.06_a_03_7M,,X3833_X65e9,X3833_X65ec,HCO+
AG335.7891+0.1751,TM,AG336.96_a_03_TM1,,X3833_X653b,X3833_X653c,N2H+
AG336.7340+0.2916,SM,AG336.96_a_03_7M,,X3833_X653b,X3833_X653e,N2H+
AG336.7340+0.2916,SM,AG338.06_a_03_7M,,X3833_X65e9,X3833_X65ec,HCO+
AG336.7340+0.2916,TM,AG336.96_a_03_TM1,,X3833_X653b,X3833_X653c,N2H+
AG336.9661-0.2594,SM,AG336.96_a_03_7M,,X3833_X653b,X3833_X653e,N2H+
AG336.9661-0.2594,SM,AG338.06_a_03_7M,,X3833_X65e9,X3833_X65ec,HCO+
AG336.9661-0.2594,TM,AG336.96_a_03_TM1,,X3833_X653b,X3833_X653c,N2H+
AG337.1556-0.3951,SM,AG336.96_a_03_7M,,X3833_X653b,X3833_X653e,N2H+
AG337.1556-0.3951,SM,AG338.06_a_03_7M,,X3833_X65e9,X3833_X65ec,HCO+
AG337.1556-0.3951,TM,AG336.96_a_03_TM1,,X3833_X653b,X3833_X653c,N2H+
AG337.1764-0.0321,SM,AG336.96_a_03_7M,,X3833_X653b,X3833_X653e,N2H+
AG337.1764-0.0321,SM,AG338.06_a_03_7M,,X3833_X65e9,X3833_X65ec,HCO+
AG337.1764-0.0321,TM,AG336.96_a_03_TM1,,X3833_X653b,X3833_X653c,N2H+
AG337.4044-0.4023,SM,AG336.96_a_03_7M,,X3833_X653b,X3833_X653e,N2H+
AG337.4044-0.4023,SM,AG338.06_a_03_7M,,X3833_X65e9,X3833_X65ec,HCO+
AG337.4044-0.4023,TM,AG336.96_a_03_TM1,,X3833_X653b,X3833_X653c,N2H+
AG337.5232+0.0663,SM,AG336.96_a_03_7M,,X3833_X653b,X3833_X653e,N2H+
AG337.5232+0.0663,SM,AG338.06_a_03_7M,,X3833_X65e9,X3833_X65ec,HCO+
AG337.5232+0.0663,TM,AG336.96_a_03_TM1,,X3833_X653b,X3833_X653c,N2H+
AG337.6809+0.4774,SM,AG336.96_a_03_7M,,X3833_X653b,X3833_X653e,N2H+
AG337.6809+0.4774,SM,AG338.06_a_03_7M,,X3833_X65e9,X3833_X65ec,HCO+
AG337.6809+0.4774,TM,AG336.96_a_03_TM1,,X3833_X653b,X3833_X653c,N2H+
AG337.6915-0.0214,SM,AG336.96_a_03_7M,,X3833_X653b,X3833_X653e,N2H+
AG337.6915-0.0214,SM,AG338.06_a_03_7M,,X3833_X65e9,X3833_X65ec,HCO+
AG337.6915-0.0214,TM,AG336.96_a_03_TM1,,X3833_X653b,X3833_X653c,N2H+
AG337.7305+0.3701,SM,AG336.96_a_03_7M,,X3833_X653b,X3833_X653e,N2H+
AG337.7305+0.3701,SM,AG338.06_a_03_7M,,X3833_X65e9,X3833_X65ec,HCO+
AG337.7305+0.3701,TM,AG336.96_a_03_TM1,,X3833_X653b,X3833_X653c,N2H+
AG337.7606-0.3387,SM,AG336.96_a_03_7M,,X3833_X653b,X3833_X653e,N2H+
AG337.7606-0.3387,SM,AG338.06_a_03_7M,,X3833_X65e9,X3833_X65ec,HCO+
AG337.7606-0.3387,TM,AG336.96_a_03_TM1,,X3833_X653b,X3833_X653c,N2H+
AG337.9335-0.5059,SM,AG336.96_a_03_7M,,X3833_X653b,X3833_X653e,N2H+
AG337.9335-0.5059,SM,AG338.06_a_03_7M,,X3833_X65e9,X3833_X65ec,HCO+
AG337.9335-0.5059,TM,AG336.96_a_03_TM1,,X3833_X653b,X3833_X653c,N2H+
AG337.9874+0.0257,SM,AG336.96_a_03_7M,,X3833_X653b,X3833_X653e,N2H+
AG337.9874+0.0257,SM,AG338.06_a_03_7M,,X3833_X65e9,X3833_X65ec,HCO+
AG337.9874+0.0257,TM,AG336.96_a_03_TM1,,X3833_X653b,X3833_X653c,N2H+
AG338.0646-0.0710,SM,AG336.96_a_03_7M,,X3833_X653b,X3833_X653e,N2H+
AG338.0646-0.0710,SM,AG338.06_a_03_7M,,X3833_X65e9,X3833_X65ec,HCO+
AG338.0646-0.0710,TM,AG336.96_a_03_TM1,,X3833_X653b,X3833_X653c,N2H+
AG338.0956+0.2356,SM,AG336.96_a_03_7M,,X3833_X653b,X3833_X653e,N2H+
AG338.0956+0.2356,SM,AG338.06_a_03_7M,,X3833_X65e9,X3833_X65ec,HCO+
AG338.0956+0.2356,TM,AG336.96_a_03_TM1,,X3833_X653b,X3833_X653c,N2H+
AG338.1984-0.4625,SM,AG336.96_a_03_7M,,X3833_X653b,X3833_X653e,N2H+
AG338.1984-0.4625,SM,AG338.06_a_03_7M,,X3833_X65e9,X3833_X65ec,HCO+
AG338.1984-0.4625,TM,AG336.96_a_03_TM1,,X3833_X653b,X3833_X653c,N2H+
AG338.4340+0.0123,SM,AG336.96_a_03_7M,,X3833_X653b,X3833_X653e,N2H+
AG338.4340+0.0123,SM,AG338.06_a_03_7M,,X3833_X65e9,X3833_X65ec,HCO+
AG338.4340+0.0123,TM,AG336.96_a_03_TM1,,X3833_X653b,X3833_X653c,N2H+
AG338.4589+0.0232,SM,AG336.96_a_03_7M,,X3833_X653b,X3833_X653e,N2H+
AG338.4589+0.0232,SM,AG338.06_a_03_7M,,X3833_X65e9,X3833_X65ec,HCO+
AG338.4589+0.0232,TM,AG336.96_a_03_TM1,,X3833_X653b,X3833_X653c,N2H+
AG338.4914+0.0441,SM,AG336.96_a_03_7M,,X3833_X653b,X3833_X653e,N2H+
AG338.4914+0.0441,SM,AG338.06_a_03_7M,,X3833_X65e9,X3833_X65ec,HCO+
AG338.4914+0.0441,TM,AG336.96_a_03_TM1,,X3833_X653b,X3833_X653c,N2H+
AG338.5057+0.1061,SM,AG336.96_a_03_7M,,X3833_X653b,X3833_X653e,N2H+
AG338.5057+0.1061,SM,AG338.06_a_03_7M,,X3833_X65e9,X3833_X65ec,HCO+
AG338.5057+0.1061,TM,AG336.96_a_03_TM1,,X3833_X653b,X3833_X653c,N2H+
AG338.7840+0.4773,SM,AG338.78_a_03_7M,X3833_X6546,X3833_X6547,X3833_X654a,N2H+
AG338.7840+0.4773,SM,AG340.40_a_03_7M,X3833_X65f4,X3833_X65f5,X3833_X65f8,HCO+
AG338.7840+0.4773,TP,AG338.78_a_03_TP,X3833_X6546,X3833_X6547,X3833_X654e,N2H+
AG338.8324+0.4793,SM,AG338.78_a_03_7M,X3833_X6546,X3833_X6547,X3833_X654a,N2H+
AG338.8324+0.4793,SM,AG340.40_a_03_7M,X3833_X65f4,X3833_X65f5,X3833_X65f8,HCO+
AG338.8324+0.4793,TP,AG338.83_a_03_TP,X3833_X6546,X3833_X6547,X3833_X654c,N2H+
AG338.8768-0.6425,SM,AG338.78_a_03_7M,X3833_X6546,X3833_X6547,X3833_X654a,N2H+
AG338.8768-0.6425,SM,AG340.40_a_03_7M,X3833_X65f4,X3833_X65f5,X3833_X65f8,HCO+
AG338.8768-0.6425,TP,AG338.87_a_03_TP,X3833_X6546,X3833_X6547,X3833_X6550,N2H+
AG339.0827+0.3847,SM,AG338.78_a_03_7M,X3833_X6546,X3833_X6547,X3833_X654a,N2H+
AG339.0827+0.3847,SM,AG340.40_a_03_7M,X3833_X65f4,X3833_X65f5,X3833_X65f8,HCO+
AG339.0827+0.3847,TP,AG338.78_a_03_TP,X3833_X6546,X3833_X6547,X3833_X654e,N2H+
AG339.1048+0.1473,SM,AG338.78_a_03_7M,X3833_X6546,X3833_X6547,X3833_X654a,N2H+
AG339.1048+0.1473,SM,AG340.40_a_03_7M,X3833_X65f4,X3833_X65f5,X3833_X65f8,HCO+
AG339.1048+0.1473,TP,AG338.87_a_03_TP,X3833_X6546,X3833_X6547,X3833_X6550,N2H+
AG339.2214+0.2605,SM,AG338.78_a_03_7M,X3833_X6546,X3833_X6547,X3833_X654a,N2H+
AG339.2214+0.2605,SM,AG340.40_a_03_7M,X3833_X65f4,X3833_X65f5,X3833_X65f8,HCO+
AG339.2214+0.2605,TP,AG338.87_a_03_TP,X3833_X6546,X3833_X6547,X3833_X6550,N2H+
AG339.2831+0.1354,SM,AG338.78_a_03_7M,X3833_X6546,X3833_X6547,X3833_X654a,N2H+
AG339.2831+0.1354,SM,AG340.40_a_03_7M,X3833_X65f4,X3833_X65f5,X3833_X65f8,HCO+
AG339.2831+0.1354,TP,AG338.87_a_03_TP,X3833_X6546,X3833_X6547,X3833_X6550,N2H+
AG339.6220-0.1206,SM,AG338.78_a_03_7M,X3833_X6546,X3833_X6547,X3833_X654a,N2H+
AG339.6220-0.1206,SM,AG340.40_a_03_7M,X3833_X65f4,X3833_X65f5,X3833_X65f8,HCO+
AG339.6220-0.1206,TP,AG338.78_a_03_TP,X3833_X6546,X3833_X6547,X3833_X654e,N2H+
AG339.7392-0.5071,SM,AG338.78_a_03_7M,X3833_X6546,X3833_X6547,X3833_X654a,N2H+
AG339.7392-0.5071,SM,AG340.40_a_03_7M,X3833_X65f4,X3833_X65f5,X3833_X65f8,HCO+
AG339.7392-0.5071,TP,AG338.87_a_03_TP,X3833_X6546,X3833_X6547,X3833_X6550,N2H+
AG339.9261-0.0826,SM,AG338.78_a_03_7M,X3833_X6546,X3833_X6547,X3833_X654a,N2H+
AG339.9261-0.0826,SM,AG340.40_a_03_7M,X3833_X65f4,X3833_X65f5,X3833_X65f8,HCO+
AG339.9261-0.0826,TP,AG338.78_a_03_TP,X3833_X6546,X3833_X6547,X3833_X654e,N2H+
AG340.0539-0.2438,SM,AG338.78_a_03_7M,X3833_X6546,X3833_X6547,X3833_X654a,N2H+
AG340.0539-0.2438,SM,AG340.40_a_03_7M,X3833_X65f4,X3833_X65f5,X3833_X65f8,HCO+
AG340.0539-0.2438,TP,AG338.83_a_03_TP,X3833_X6546,X3833_X6547,X3833_X654c,N2H+
AG340.0912-0.3267,SM,AG338.78_a_03_7M,X3833_X6546,X3833_X6547,X3833_X654a,N2H+
AG340.0912-0.3267,SM,AG340.40_a_03_7M,X3833_X65f4,X3833_X65f5,X3833_X65f8,HCO+
AG340.0912-0.3267,TP,AG338.83_a_03_TP,X3833_X6546,X3833_X6547,X3833_X654c,N2H+
AG340.1014-0.3101,SM,AG338.78_a_03_7M,X3833_X6546,X3833_X6547,X3833_X654a,N2H+
AG340.1014-0.3101,SM,AG340.40_a_03_7M,X3833_X65f4,X3833_X65f5,X3833_X65f8,HCO+
AG340.1014-0.3101,TP,AG338.83_a_03_TP,X3833_X6546,X3833_X6547,X3833_X654c,N2H+
AG340.1456-0.2333,SM,AG338.78_a_03_7M,X3833_X6546,X3833_X6547,X3833_X654a,N2H+
AG340.1456-0.2333,SM,AG340.40_a_03_7M,X3833_X65f4,X3833_X65f5,X3833_X65f8,HCO+
AG340.1456-0.2333,TP,AG338.83_a_03_TP,X3833_X6546,X3833_X6547,X3833_X654c,N2H+
AG340.1802-0.2437,SM,AG338.78_a_03_7M,X3833_X6546,X3833_X6547,X3833_X654a,N2H+
AG340.1802-0.2437,SM,AG340.40_a_03_7M,X3833_X65f4,X3833_X65f5,X3833_X65f8,HCO+
AG340.1802-0.2437,TP,AG338.78_a_03_TP,X3833_X6546,X3833_X6547,X3833_X654e,N2H+
AG340.2597-0.2498,SM,AG338.78_a_03_7M,X3833_X6546,X3833_X6547,X3833_X654a,N2H+
AG340.2597-0.2498,SM,AG340.40_a_03_7M,X3833_X65f4,X3833_X65f5,X3833_X65f8,HCO+
AG340.2597-0.2498,TP,AG338.78_a_03_TP,X3833_X6546,X3833_X6547,X3833_X654e,N2H+
AG340.3037-0.3745,SM,AG338.78_a_03_7M,X3833_X6546,X3833_X6547,X3833_X654a,N2H+
AG340.3037-0.3745,SM,AG340.40_a_03_7M,X3833_X65f4,X3833_X65f5,X3833_X65f8,HCO+
AG340.3037-0.3745,TP,AG338.87_a_03_TP,X3833_X6546,X3833_X6547,X3833_X6550,N2H+
AG340.3118-0.4351,SM,AG338.78_a_03_7M,X3833_X6546,X3833_X6547,X3833_X654a,N2H+
AG340.3118-0.4351,SM,AG340.40_a_03_7M,X3833_X65f4,X3833_X65f5,X3833_X65f8,HCO+
AG340.3118-0.4351,TP,AG338.87_a_03_TP,X3833_X6546,X3833_X6547,X3833_X6550,N2H+
AG340.3740-0.3889,SM,AG338.78_a_03_7M,X3833_X6546,X3833_X6547,X3833_X654a,N2H+
AG340.3740-0.3889,SM,AG340.40_a_03_7M,X3833_X65f4,X3833_X65f5,X3833_X65f8,HCO+
AG340.3740-0.3889,TP,AG338.78_a_03_TP,X3833_X6546,X3833_X6547,X3833_X654e,N2H+
AG340.4023-0.3793,SM,AG338.78_a_03_7M,X3833_X6546,X3833_X6547,X3833_X654a,N2H+
AG340.4023-0.3793,SM,AG340.40_a_03_7M,X3833_X65f4,X3833_X65f5,X3833_X65f8,HCO+
AG340.4023-0.3793,TP,AG338.83_a_03_TP,X3833_X6546,X3833_X6547,X3833_X654c,N2H+
AG340.7507-0.1966,SM,AG338.78_a_03_7M,X3833_X6546,X3833_X6547,X3833_X654a,N2H+
AG340.7507-0.1966,SM,AG340.40_a_03_7M,X3833_X65f4,X3833_X65f5,X3833_X65f8,HCO+
AG340.7507-0.1966,TP,AG338.83_a_03_TP,X3833_X6546,X3833_X6547,X3833_X654c,N2H+
AG340.8764-0.3743,SM,AG341.00_a_03_7M,X3833_X6600,X3833_X6601,X3833_X6604,HCO+
AG340.8764-0.3743,SM,AG341.23_a_03_7M,X3833_X6552,X3833_X6553,X3833_X6556,N2H+
AG340.8764-0.3743,TM,AG341.23_a_03_TM1,X3833_X6552,X3833_X6553,X3833_X6554,N2H+
AG340.8764-0.3743,TP,AG340.87_a_03_TP,X3833_X6552,X3833_X6553,X3833_X655c,N2H+
AG340.9353-0.2700,SM,AG341.00_a_03_7M,X3833_X6600,X3833_X6601,X3833_X6604,HCO+
AG340.9353-0.2700,SM,AG341.23_a_03_7M,X3833_X6552,X3833_X6553,X3833_X6556,N2H+
AG340.9353-0.2700,TM,AG341.23_a_03_TM1,X3833_X6552,X3833_X6553,X3833_X6554,N2H+
AG340.9353-0.2700,TP,AG340.93_a_03_TP,X3833_X6552,X3833_X6553,X3833_X655a,N2H+
AG340.9368-0.2314,SM,AG341.00_a_03_7M,X3833_X6600,X3833_X6601,X3833_X6604,HCO+
AG340.9368-0.2314,SM,AG341.23_a_03_7M,X3833_X6552,X3833_X6553,X3833_X6556,N2H+
AG340.9368-0.2314,TM,AG341.23_a_03_TM1,X3833_X6552,X3833_X6553,X3833_X6554,N2H+
AG340.9368-0.2314,TP,AG340.93_a_03_TP,X3833_X6552,X3833_X6553,X3833_X655a,N2H+
AG340.9447-0.3624,SM,AG341.00_a_03_7M,X3833_X6600,X3833_X6601,X3833_X6604,HCO+
AG340.9447-0.3624,SM,AG341.23_a_03_7M,X3833_X6552,X3833_X6553,X3833_X6556,N2H+
AG340.9447-0.3624,TM,AG341.23_a_03_TM1,X3833_X6552,X3833_X6553,X3833_X6554,N2H+
AG340.9447-0.3624,TP,AG340.94_a_03_TP,X3833_X6552,X3833_X6553,X3833_X6558,N2H+
AG341.0084-0.3580,SM,AG341.00_a_03_7M,X3833_X6600,X3833_X6601,X3833_X6604,HCO+
AG341.0084-0.3580,SM,AG341.23_a_03_7M,X3833_X6552,X3833_X6553,X3833_X6556,N2H+
AG341.0084-0.3580,TM,AG341.23_a_03_TM1,X3833_X6552,X3833_X6553,X3833_X6554,N2H+
AG341.0084-0.3580,TP,AG340.93_a_03_TP,X3833_X6552,X3833_X6553,X3833_X655a,N2H+
AG341.0097-0.3162,SM,AG341.00_a_03_7M,X3833_X6600,X3833_X6601,X3833_X6604,HCO+
AG341.0097-0.3162,SM,AG341.23_a_03_7M,X3833_X6552,X3833_X6553,X3833_X6556,N2H+
AG341.0097-0.3162,TM,AG341.23_a_03_TM1,X3833_X6552,X3833_X6553,X3833_X6554,N2H+
AG341.0097-0.3162,TP,AG340.94_a_03_TP,X3833_X6552,X3833_X6553,X3833_X6558,N2H+
AG341.1261-0.3466,SM,AG341.00_a_03_7M,X3833_X6600,X3833_X6601,X3833_X6604,HCO+
AG341.1261-0.3466,SM,AG341.23_a_03_7M,X3833_X6552,X3833_X6553,X3833_X6556,N2H+
AG341.1261-0.3466,TM,AG341.23_a_03_TM1,X3833_X6552,X3833_X6553,X3833_X6554,N2H+
AG341.1261-0.3466,TP,AG340.87_a_03_TP,X3833_X6552,X3833_X6553,X3833_X655c,N2H+
AG341.2148-0.2347,SM,AG341.00_a_03_7M,X3833_X6600,X3833_X6601,X3833_X6604,HCO+
AG341.2148-0.2347,SM,AG341.23_a_03_7M,X3833_X6552,X3833_X6553,X3833_X6556,N2H+
AG341.2148-0.2347,TM,AG341.23_a_03_TM1,X3833_X6552,X3833_X6553,X3833_X6554,N2H+
AG341.2148-0.2347,TP,AG340.87_a_03_TP,X3833_X6552,X3833_X6553,X3833_X655c,N2H+
AG341.2177-0.2121,SM,AG341.00_a_03_7M,X3833_X6600,X3833_X6601,X3833_X6604,HCO+
AG341.2177-0.2121,SM,AG341.23_a_03_7M,X3833_X6552,X3833_X6553,X3833_X6556,N2H+
AG341.2177-0.2121,TM,AG341.23_a_03_TM1,X3833_X6552,X3833_X6553,X3833_X6554,N2H+
AG341.2177-0.2121,TP,AG340.87_a_03_TP,X3833_X6552,X3833_X6553,X3833_X655c,N2H+
AG341.2222-0.2630,SM,AG341.00_a_03_7M,X3833_X6600,X3833_X6601,X3833_X6604,HCO+
AG341.2222-0.2630,SM,AG341.23_a_03_7M,X3833_X6552,X3833_X6553,X3833_X6556,N2H+
AG341.2222-0.2630,TM,AG341.23_a_03_TM1,X3833_X6552,X3833_X6553,X3833_X6554,N2H+
AG341.2222-0.2630,TP,AG340.94_a_03_TP,X3833_X6552,X3833_X6553,X3833_X6558,N2H+
AG341.2371-0.2700,SM,AG341.00_a_03_7M,X3833_X6600,X3833_X6601,X3833_X6604,HCO+
AG341.2371-0.2700,SM,AG341.23_a_03_7M,X3833_X6552,X3833_X6553,X3833_X6556,N2H+
AG341.2371-0.2700,TM,AG341.23_a_03_TM1,X3833_X6552,X3833_X6553,X3833_X6554,N2H+
AG341.2371-0.2700,TP,AG340.93_a_03_TP,X3833_X6552,X3833_X6553,X3833_X655a,N2H+
AG341.6030+0.2295,SM,AG341.00_a_03_7M,X3833_X6600,X3833_X6601,X3833_X6604,HCO+
AG341.6030+0.2295,SM,AG341.23_a_03_7M,X3833_X6552,X3833_X6553,X3833_X6556,N2H+
AG341.6030+0.2295,TM,AG341.23_a_03_TM1,X3833_X6552,X3833_X6553,X3833_X6554,N2H+
AG341.6030+0.2295,TP,AG340.93_a_03_TP,X3833_X6552,X3833_X6553,X3833_X655a,N2H+
AG341.9291-0.1693,SM,AG341.00_a_03_7M,X3833_X6600,X3833_X6601,X3833_X6604,HCO+
AG341.9291-0.1693,SM,AG341.23_a_03_7M,X3833_X6552,X3833_X6553,X3833_X6556,N2H+
AG341.9291-0.1693,TM,AG341.23_a_03_TM1,X3833_X6552,X3833_X6553,X3833_X6554,N2H+
AG341.9291-0.1693,TP,AG340.87_a_03_TP,X3833_X6552,X3833_X6553,X3833_X655c,N2H+
AG341.9423-0.1660,SM,AG341.00_a_03_7M,X3833_X6600,X3833_X6601,X3833_X6604,HCO+
AG341.9423-0.1660,SM,AG341.23_a_03_7M,X3833_X6552,X3833_X6553,X3833_X6556,N2H+
AG341.9423-0.1660,TM,AG341.23_a_03_TM1,X3833_X6552,X3833_X6553,X3833_X6554,N2H+
AG341.9423-0.1660,TP,AG340.93_a_03_TP,X3833_X6552,X3833_X6553,X3833_X655a,N2H+
AG342.0584+0.4213,SM,AG341.00_a_03_7M,X3833_X6600,X3833_X6601,X3833_X6604,HCO+
AG342.0584+0.4213,SM,AG341.23_a_03_7M,X3833_X6552,X3833_X6553,X3833_X6556,N2H+
AG342.0584+0.4213,TM,AG341.23_a_03_TM1,X3833_X6552,X3833_X6553,X3833_X6554,N2H+
AG342.0584+0.4213,TP,AG340.94_a_03_TP,X3833_X6552,X3833_X6553,X3833_X6558,N2H+
AG342.0786+0.4122,SM,AG341.00_a_03_7M,X3833_X6600,X3833_X6601,X3833_X6604,HCO+
AG342.0786+0.4122,SM,AG341.23_a_03_7M,X3833_X6552,X3833_X6553,X3833_X6556,N2H+
AG342.0786+0.4122,TM,AG341.23_a_03_TM1,X3833_X6552,X3833_X6553,X3833_X6554,N2H+
AG342.0786+0.4122,TP,AG340.94_a_03_TP,X3833_X6552,X3833_X6553,X3833_X6558,N2H+
AG342.4681+0.1590,SM,AG341.00_a_03_7M,X3833_X6600,X3833_X6601,X3833_X6604,HCO+
AG342.4681+0.1590,SM,AG341.23_a_03_7M,X3833_X6552,X3833_X6553,X3833_X6556,N2H+
AG342.4681+0.1590,TM,AG341.23_a_03_TM1,X3833_X6552,X3833_X6553,X3833_X6554,N2H+
AG342.4681+0.1590,TP,AG340.94_a_03_TP,X3833_X6552,X3833_X6553,X3833_X6558,N2H+
AG342.5258+0.1760,SM,AG341.00_a_03_7M,X3833_X6600,X3833_X6601,X3833_X6604,HCO+
AG342.5258+0.1760,SM,AG341.23_a_03_7M,X3833_X6552,X3833_X6553,X3833_X6556,N2H+
AG342.5258+0.1760,TM,AG341.23_a_03_TM1,X3833_X6552,X3833_X6553,X3833_X6554,N2H+
AG342.5258+0.1760,TP,AG340.87_a_03_TP,X3833_X6552,X3833_X6553,X3833_X655c,N2H+
AG343.5100+0.1272,SM,AG341.00_a_03_7M,X3833_X6600,X3833_X6601,X3833_X6604,HCO+
AG343.5100+0.1272,SM,AG341.23_a_03_7M,X3833_X6552,X3833_X6553,X3833_X6556,N2H+
AG343.5100+0.1272,TM,AG341.23_a_03_TM1,X3833_X6552,X3833_X6553,X3833_X6554,N2H+
AG343.5100+0.1272,TP,AG340.93_a_03_TP,X3833_X6552,X3833_X6553,X3833_X655a,N2H+
AG343.8050+0.0036,SM,AG341.00_a_03_7M,X3833_X6600,X3833_X6601,X3833_X6604,HCO+
AG343.8050+0.0036,SM,AG341.23_a_03_7M,X3833_X6552,X3833_X6553,X3833_X6556,N2H+
AG343.8050+0.0036,TM,AG341.23_a_03_TM1,X3833_X6552,X3833_X6553,X3833_X6554,N2H+
AG343.8050+0.0036,TP,AG340.87_a_03_TP,X3833_X6552,X3833_X6553,X3833_X655c,N2H+
AG344.4248+0.0471,SM,AG341.00_a_03_7M,X3833_X6600,X3833_X6601,X3833_X6604,HCO+
AG344.4248+0.0471,SM,AG341.23_a_03_7M,X3833_X6552,X3833_X6553,X3833_X6556,N2H+
AG344.4248+0.0471,TM,AG341.23_a_03_TM1,X3833_X6552,X3833_X6553,X3833_X6554,N2H+
AG344.4248+0.0471,TP,AG340.94_a_03_TP,X3833_X6552,X3833_X6553,X3833_X6558,N2H+
AG344.8921+0.4602,SM,AG344.89_a_03_7M,X3833_X660c,X3833_X660d,X3833_X6610,HCO+
AG344.8921+0.4602,SM,AG345.08_a_03_7M,X3833_X655e,X3833_X655f,X3833_X6562,N2H+
AG344.8921+0.4602,TM,AG344.89_a_03_TM1,X3833_X660c,X3833_X660d,X3833_X660e,HCO+
AG344.8921+0.4602,TM,AG345.08_a_03_TM1,X3833_X655e,X3833_X655f,X3833_X6560,N2H+
AG344.8921+0.4602,TP,AG344.89_a_03_TP,X3833_X660c,X3833_X660d,X3833_X6612,HCO+
AG344.8921+0.4602,TP,AG345.08_a_03_TP,X3833_X655e,X3833_X655f,X3833_X6564,N2H+
AG345.0884+0.0818,SM,AG344.89_a_03_7M,X3833_X660c,X3833_X660d,X3833_X6610,HCO+
AG345.0884+0.0818,SM,AG345.08_a_03_7M,X3833_X655e,X3833_X655f,X3833_X6562,N2H+
AG345.0884+0.0818,TM,AG344.89_a_03_TM1,X3833_X660c,X3833_X660d,X3833_X660e,HCO+
AG345.0884+0.0818,TM,AG345.08_a_03_TM1,X3833_X655e,X3833_X655f,X3833_X6560,N2H+
AG345.0884+0.0818,TP,AG344.89_a_03_TP,X3833_X660c,X3833_X660d,X3833_X6612,HCO+
AG345.0884+0.0818,TP,AG345.08_a_03_TP,X3833_X655e,X3833_X655f,X3833_X6564,N2H+
